user_id,variant,bucket_ts,strata,exp_id
u0,control,2025-09-04 14:55:55.566512,UK_desktop,checkout_optimizer
u1,treatment,2025-09-04 14:55:55.566512,US_desktop,checkout_optimizer
u2,control,2025-09-04 14:55:55.566512,UK_desktop,checkout_optimizer
u3,control,2025-09-04 14:55:55.566512,UK_desktop,checkout_optimizer
u4,control,2025-09-04 14:55:55.566512,US_mobile,checkout_optimizer
u5,treatment,2025-09-04 14:55:55.566512,US_desktop,checkout_optimizer
u6,control,2025-09-04 14:55:55.566512,UK_mobile,checkout_optimizer
u7,control,2025-09-04 14:55:55.566512,IN_mobile,checkout_optimizer
u8,control,2025-09-04 14:55:55.566512,UK_desktop,checkout_optimizer
u9,treatment,2025-09-04 14:55:55.566512,UK_mobile,checkout_optimizer
u10,treatment,2025-09-04 14:55:55.566512,UK_mobile,checkout_optimizer
u11,treatment,2025-09-04 14:55:55.566512,UK_mobile,checkout_optimizer
u12,treatment,2025-09-04 14:55:55.566512,US_mobile,checkout_optimizer
u13,treatment,2025-09-04 14:55:55.566512,UK_desktop,checkout_optimizer
u14,treatment,2025-09-04 14:55:55.566512,IN_mobile,checkout_optimizer
u15,control,2025-09-04 14:55:55.566512,US_desktop,checkout_optimizer
u16,control,2025-09-04 14:55:55.566512,IN_mobile,checkout_optimizer
u17,treatment,2025-09-04 14:55:55.566512,IN_mobile,checkout_optimizer
u18,control,2025-09-04 14:55:55.566512,IN_desktop,checkout_optimizer
u19,treatment,2025-09-04 14:55:55.566512,IN_mobile,checkout_optimizer
u20,treatment,2025-09-04 14:55:55.566512,US_mobile,checkout_optimizer
u21,treatment,2025-09-04 14:55:55.566512,US_mobile,checkout_optimizer
u22,control,2025-09-04 14:55:55.566512,IN_desktop,checkout_optimizer
u23,control,2025-09-04 14:55:55.566512,IN_mobile,checkout_optimizer
u24,treatment,2025-09-04 14:55:55.566512,US_desktop,checkout_optimizer
u25,treatment,2025-09-04 14:55:55.566512,US_mobile,checkout_optimizer
u26,control,2025-09-04 14:55:55.566512,US_desktop,checkout_optimizer
u27,control,2025-09-04 14:55:55.566512,UK_desktop,checkout_optimizer
u28,control,2025-09-04 14:55:55.566512,UK_mobile,checkout_optimizer
u29,treatment,2025-09-04 14:55:55.566512,UK_mobile,checkout_optimizer
u30,treatment,2025-09-04 14:55:55.566512,IN_desktop,checkout_optimizer
u31,control,2025-09-04 14:55:55.566512,UK_desktop,checkout_optimizer
u32,control,2025-09-04 14:55:55.566512,IN_mobile,checkout_optimizer
u33,treatment,2025-09-04 14:55:55.566512,IN_desktop,checkout_optimizer
u34,treatment,2025-09-04 14:55:55.566512,UK_mobile,checkout_optimizer
u35,treatment,2025-09-04 14:55:55.566512,IN_mobile,checkout_optimizer
u36,treatment,2025-09-04 14:55:55.566512,UK_mobile,checkout_optimizer
u37,control,2025-09-04 14:55:55.566512,UK_mobile,checkout_optimizer
u38,treatment,2025-09-04 14:55:55.566512,US_desktop,checkout_optimizer
u39,control,2025-09-04 14:55:55.566512,UK_mobile,checkout_optimizer
u40,control,2025-09-04 14:55:55.566512,US_desktop,checkout_optimizer
u41,treatment,2025-09-04 14:55:55.566512,UK_mobile,checkout_optimizer
u42,treatment,2025-09-04 14:55:55.566512,UK_desktop,checkout_optimizer
u43,treatment,2025-09-04 14:55:55.566512,US_mobile,checkout_optimizer
u44,control,2025-09-04 14:55:55.566512,US_desktop,checkout_optimizer
u45,control,2025-09-04 14:55:55.566512,UK_desktop,checkout_optimizer
u46,control,2025-09-04 14:55:55.566512,IN_mobile,checkout_optimizer
u47,treatment,2025-09-04 14:55:55.566512,US_mobile,checkout_optimizer
u48,treatment,2025-09-04 14:55:55.566512,IN_mobile,checkout_optimizer
u49,control,2025-09-04 14:55:55.566512,IN_mobile,checkout_optimizer
u50,control,2025-09-04 14:55:55.566512,IN_desktop,checkout_optimizer
u51,treatment,2025-09-04 14:55:55.566512,US_mobile,checkout_optimizer
u52,treatment,2025-09-04 14:55:55.566512,IN_desktop,checkout_optimizer
u53,control,2025-09-04 14:55:55.566512,US_desktop,checkout_optimizer
u54,treatment,2025-09-04 14:55:55.566512,IN_mobile,checkout_optimizer
u55,control,2025-09-04 14:55:55.566512,UK_desktop,checkout_optimizer
u56,control,2025-09-04 14:55:55.566512,UK_desktop,checkout_optimizer
u57,treatment,2025-09-04 14:55:55.566512,US_desktop,checkout_optimizer
u58,treatment,2025-09-04 14:55:55.566512,UK_desktop,checkout_optimizer
u59,control,2025-09-04 14:55:55.566512,UK_mobile,checkout_optimizer
u60,treatment,2025-09-04 14:55:55.566512,IN_mobile,checkout_optimizer
u61,control,2025-09-04 14:55:55.566512,US_mobile,checkout_optimizer
u62,treatment,2025-09-04 14:55:55.566512,IN_mobile,checkout_optimizer
u63,control,2025-09-04 14:55:55.566512,IN_desktop,checkout_optimizer
u64,control,2025-09-04 14:55:55.566512,IN_desktop,checkout_optimizer
u65,treatment,2025-09-04 14:55:55.566512,IN_mobile,checkout_optimizer
u66,treatment,2025-09-04 14:55:55.566512,IN_mobile,checkout_optimizer
u67,treatment,2025-09-04 14:55:55.566512,IN_mobile,checkout_optimizer
u68,treatment,2025-09-04 14:55:55.566512,IN_desktop,checkout_optimizer
u69,treatment,2025-09-04 14:55:55.566512,US_mobile,checkout_optimizer
u70,control,2025-09-04 14:55:55.566512,UK_mobile,checkout_optimizer
u71,control,2025-09-04 14:55:55.566512,IN_mobile,checkout_optimizer
u72,control,2025-09-04 14:55:55.566512,IN_desktop,checkout_optimizer
u73,treatment,2025-09-04 14:55:55.566512,IN_desktop,checkout_optimizer
u74,treatment,2025-09-04 14:55:55.566512,IN_desktop,checkout_optimizer
u75,treatment,2025-09-04 14:55:55.566512,IN_desktop,checkout_optimizer
u76,control,2025-09-04 14:55:55.566512,IN_desktop,checkout_optimizer
u77,treatment,2025-09-04 14:55:55.566512,UK_desktop,checkout_optimizer
u78,treatment,2025-09-04 14:55:55.566512,UK_desktop,checkout_optimizer
u79,control,2025-09-04 14:55:55.566512,IN_desktop,checkout_optimizer
u80,control,2025-09-04 14:55:55.566512,UK_mobile,checkout_optimizer
u81,control,2025-09-04 14:55:55.566512,US_mobile,checkout_optimizer
u82,control,2025-09-04 14:55:55.566512,IN_desktop,checkout_optimizer
u83,treatment,2025-09-04 14:55:55.566512,US_desktop,checkout_optimizer
u84,treatment,2025-09-04 14:55:55.566512,US_mobile,checkout_optimizer
u85,treatment,2025-09-04 14:55:55.566512,IN_desktop,checkout_optimizer
u86,treatment,2025-09-04 14:55:55.566512,UK_desktop,checkout_optimizer
u87,control,2025-09-04 14:55:55.566512,US_desktop,checkout_optimizer
u88,control,2025-09-04 14:55:55.566512,IN_mobile,checkout_optimizer
u89,treatment,2025-09-04 14:55:55.566512,US_mobile,checkout_optimizer
u90,control,2025-09-04 14:55:55.566512,US_mobile,checkout_optimizer
u91,control,2025-09-04 14:55:55.566512,US_mobile,checkout_optimizer
u92,treatment,2025-09-04 14:55:55.566512,US_mobile,checkout_optimizer
u93,control,2025-09-04 14:55:55.566512,UK_desktop,checkout_optimizer
u94,control,2025-09-04 14:55:55.566512,US_mobile,checkout_optimizer
u95,control,2025-09-04 14:55:55.566512,US_desktop,checkout_optimizer
u96,treatment,2025-09-04 14:55:55.566512,US_desktop,checkout_optimizer
u97,control,2025-09-04 14:55:55.566512,UK_mobile,checkout_optimizer
u98,control,2025-09-04 14:55:55.566512,US_mobile,checkout_optimizer
u99,control,2025-09-04 14:55:55.566512,US_desktop,checkout_optimizer
u100,treatment,2025-09-04 14:55:55.566512,UK_desktop,checkout_optimizer
u101,control,2025-09-04 14:55:55.566512,UK_desktop,checkout_optimizer
u102,control,2025-09-04 14:55:55.566512,UK_mobile,checkout_optimizer
u103,control,2025-09-04 14:55:55.566512,US_mobile,checkout_optimizer
u104,treatment,2025-09-04 14:55:55.566512,UK_mobile,checkout_optimizer
u105,treatment,2025-09-04 14:55:55.566512,UK_mobile,checkout_optimizer
u106,control,2025-09-04 14:55:55.566512,US_mobile,checkout_optimizer
u107,control,2025-09-04 14:55:55.566512,UK_desktop,checkout_optimizer
u108,control,2025-09-04 14:55:55.566512,US_mobile,checkout_optimizer
u109,control,2025-09-04 14:55:55.566512,IN_desktop,checkout_optimizer
u110,treatment,2025-09-04 14:55:55.566512,UK_desktop,checkout_optimizer
u111,control,2025-09-04 14:55:55.566512,IN_desktop,checkout_optimizer
u112,treatment,2025-09-04 14:55:55.566512,US_mobile,checkout_optimizer
u113,treatment,2025-09-04 14:55:55.566512,UK_mobile,checkout_optimizer
u114,treatment,2025-09-04 14:55:55.566512,US_mobile,checkout_optimizer
u115,control,2025-09-04 14:55:55.566512,IN_desktop,checkout_optimizer
u116,treatment,2025-09-04 14:55:55.566512,US_desktop,checkout_optimizer
u117,treatment,2025-09-04 14:55:55.566512,UK_desktop,checkout_optimizer
u118,control,2025-09-04 14:55:55.566512,UK_desktop,checkout_optimizer
u119,treatment,2025-09-04 14:55:55.566512,IN_desktop,checkout_optimizer
u120,treatment,2025-09-04 14:55:55.566512,US_desktop,checkout_optimizer
u121,treatment,2025-09-04 14:55:55.566512,UK_mobile,checkout_optimizer
u122,treatment,2025-09-04 14:55:55.566512,IN_mobile,checkout_optimizer
u123,treatment,2025-09-04 14:55:55.566512,UK_mobile,checkout_optimizer
u124,treatment,2025-09-04 14:55:55.566512,UK_mobile,checkout_optimizer
u125,treatment,2025-09-04 14:55:55.566512,US_desktop,checkout_optimizer
u126,treatment,2025-09-04 14:55:55.566512,UK_desktop,checkout_optimizer
u127,control,2025-09-04 14:55:55.566512,US_mobile,checkout_optimizer
u128,control,2025-09-04 14:55:55.566512,UK_desktop,checkout_optimizer
u129,treatment,2025-09-04 14:55:55.566512,IN_mobile,checkout_optimizer
u130,control,2025-09-04 14:55:55.566512,UK_mobile,checkout_optimizer
u131,control,2025-09-04 14:55:55.566512,US_mobile,checkout_optimizer
u132,control,2025-09-04 14:55:55.566512,US_desktop,checkout_optimizer
u133,treatment,2025-09-04 14:55:55.566512,IN_mobile,checkout_optimizer
u134,control,2025-09-04 14:55:55.566512,UK_mobile,checkout_optimizer
u135,treatment,2025-09-04 14:55:55.566512,UK_mobile,checkout_optimizer
u136,control,2025-09-04 14:55:55.566512,IN_desktop,checkout_optimizer
u137,control,2025-09-04 14:55:55.566512,UK_desktop,checkout_optimizer
u138,treatment,2025-09-04 14:55:55.566512,UK_mobile,checkout_optimizer
u139,treatment,2025-09-04 14:55:55.566512,US_desktop,checkout_optimizer
u140,treatment,2025-09-04 14:55:55.566512,UK_desktop,checkout_optimizer
u141,control,2025-09-04 14:55:55.566512,UK_desktop,checkout_optimizer
u142,treatment,2025-09-04 14:55:55.566512,IN_desktop,checkout_optimizer
u143,control,2025-09-04 14:55:55.566512,IN_desktop,checkout_optimizer
u144,control,2025-09-04 14:55:55.566512,US_desktop,checkout_optimizer
u145,treatment,2025-09-04 14:55:55.566512,UK_desktop,checkout_optimizer
u146,control,2025-09-04 14:55:55.566512,UK_desktop,checkout_optimizer
u147,treatment,2025-09-04 14:55:55.566512,UK_desktop,checkout_optimizer
u148,control,2025-09-04 14:55:55.566512,US_desktop,checkout_optimizer
u149,control,2025-09-04 14:55:55.566512,US_mobile,checkout_optimizer
u150,control,2025-09-04 14:55:55.566512,IN_mobile,checkout_optimizer
u151,treatment,2025-09-04 14:55:55.566512,US_desktop,checkout_optimizer
u152,treatment,2025-09-04 14:55:55.566512,UK_mobile,checkout_optimizer
u153,treatment,2025-09-04 14:55:55.566512,UK_mobile,checkout_optimizer
u154,treatment,2025-09-04 14:55:55.566512,US_desktop,checkout_optimizer
u155,treatment,2025-09-04 14:55:55.566512,UK_desktop,checkout_optimizer
u156,treatment,2025-09-04 14:55:55.566512,UK_desktop,checkout_optimizer
u157,control,2025-09-04 14:55:55.566512,US_mobile,checkout_optimizer
u158,treatment,2025-09-04 14:55:55.566512,US_mobile,checkout_optimizer
u159,treatment,2025-09-04 14:55:55.566512,UK_desktop,checkout_optimizer
u160,control,2025-09-04 14:55:55.566512,UK_desktop,checkout_optimizer
u161,control,2025-09-04 14:55:55.566512,UK_desktop,checkout_optimizer
u162,treatment,2025-09-04 14:55:55.566512,IN_mobile,checkout_optimizer
u163,treatment,2025-09-04 14:55:55.566512,IN_mobile,checkout_optimizer
u164,control,2025-09-04 14:55:55.566512,IN_mobile,checkout_optimizer
u165,treatment,2025-09-04 14:55:55.566512,US_mobile,checkout_optimizer
u166,treatment,2025-09-04 14:55:55.566512,IN_desktop,checkout_optimizer
u167,control,2025-09-04 14:55:55.566512,US_desktop,checkout_optimizer
u168,control,2025-09-04 14:55:55.566512,US_desktop,checkout_optimizer
u169,control,2025-09-04 14:55:55.566512,IN_desktop,checkout_optimizer
u170,control,2025-09-04 14:55:55.566512,IN_mobile,checkout_optimizer
u171,treatment,2025-09-04 14:55:55.566512,IN_mobile,checkout_optimizer
u172,control,2025-09-04 14:55:55.566512,UK_desktop,checkout_optimizer
u173,control,2025-09-04 14:55:55.566512,IN_desktop,checkout_optimizer
u174,treatment,2025-09-04 14:55:55.566512,UK_mobile,checkout_optimizer
u175,treatment,2025-09-04 14:55:55.566512,US_desktop,checkout_optimizer
u176,control,2025-09-04 14:55:55.566512,UK_mobile,checkout_optimizer
u177,treatment,2025-09-04 14:55:55.566512,IN_desktop,checkout_optimizer
u178,treatment,2025-09-04 14:55:55.566512,US_desktop,checkout_optimizer
u179,treatment,2025-09-04 14:55:55.566512,US_desktop,checkout_optimizer
u180,treatment,2025-09-04 14:55:55.566512,US_desktop,checkout_optimizer
u181,treatment,2025-09-04 14:55:55.566512,UK_desktop,checkout_optimizer
u182,control,2025-09-04 14:55:55.566512,IN_desktop,checkout_optimizer
u183,treatment,2025-09-04 14:55:55.566512,US_desktop,checkout_optimizer
u184,control,2025-09-04 14:55:55.566512,US_mobile,checkout_optimizer
u185,treatment,2025-09-04 14:55:55.566512,US_mobile,checkout_optimizer
u186,treatment,2025-09-04 14:55:55.566512,UK_mobile,checkout_optimizer
u187,treatment,2025-09-04 14:55:55.566512,UK_mobile,checkout_optimizer
u188,treatment,2025-09-04 14:55:55.566512,IN_mobile,checkout_optimizer
u189,treatment,2025-09-04 14:55:55.566512,UK_desktop,checkout_optimizer
u190,treatment,2025-09-04 14:55:55.566512,US_desktop,checkout_optimizer
u191,treatment,2025-09-04 14:55:55.566512,IN_mobile,checkout_optimizer
u192,control,2025-09-04 14:55:55.566512,US_desktop,checkout_optimizer
u193,control,2025-09-04 14:55:55.566512,US_mobile,checkout_optimizer
u194,control,2025-09-04 14:55:55.566512,UK_mobile,checkout_optimizer
u195,treatment,2025-09-04 14:55:55.566512,IN_desktop,checkout_optimizer
u196,control,2025-09-04 14:55:55.566512,UK_desktop,checkout_optimizer
u197,control,2025-09-04 14:55:55.566512,UK_desktop,checkout_optimizer
u198,treatment,2025-09-04 14:55:55.566512,IN_mobile,checkout_optimizer
u199,control,2025-09-04 14:55:55.566512,US_desktop,checkout_optimizer
u200,treatment,2025-09-04 14:55:55.566512,US_mobile,checkout_optimizer
u201,control,2025-09-04 14:55:55.566512,IN_mobile,checkout_optimizer
u202,control,2025-09-04 14:55:55.566512,US_mobile,checkout_optimizer
u203,control,2025-09-04 14:55:55.566512,IN_desktop,checkout_optimizer
u204,treatment,2025-09-04 14:55:55.566512,IN_desktop,checkout_optimizer
u205,control,2025-09-04 14:55:55.566512,UK_mobile,checkout_optimizer
u206,control,2025-09-04 14:55:55.566512,IN_desktop,checkout_optimizer
u207,treatment,2025-09-04 14:55:55.566512,UK_desktop,checkout_optimizer
u208,treatment,2025-09-04 14:55:55.566512,US_desktop,checkout_optimizer
u209,control,2025-09-04 14:55:55.566512,US_mobile,checkout_optimizer
u210,treatment,2025-09-04 14:55:55.566512,US_mobile,checkout_optimizer
u211,control,2025-09-04 14:55:55.566512,US_desktop,checkout_optimizer
u212,treatment,2025-09-04 14:55:55.566512,UK_mobile,checkout_optimizer
u213,control,2025-09-04 14:55:55.566512,US_desktop,checkout_optimizer
u214,treatment,2025-09-04 14:55:55.566512,IN_desktop,checkout_optimizer
u215,control,2025-09-04 14:55:55.566512,IN_desktop,checkout_optimizer
u216,control,2025-09-04 14:55:55.566512,IN_desktop,checkout_optimizer
u217,control,2025-09-04 14:55:55.566512,UK_mobile,checkout_optimizer
u218,control,2025-09-04 14:55:55.566512,US_mobile,checkout_optimizer
u219,treatment,2025-09-04 14:55:55.566512,US_mobile,checkout_optimizer
u220,control,2025-09-04 14:55:55.566512,US_desktop,checkout_optimizer
u221,control,2025-09-04 14:55:55.566512,UK_desktop,checkout_optimizer
u222,treatment,2025-09-04 14:55:55.566512,IN_desktop,checkout_optimizer
u223,control,2025-09-04 14:55:55.566512,IN_mobile,checkout_optimizer
u224,treatment,2025-09-04 14:55:55.566512,US_desktop,checkout_optimizer
u225,control,2025-09-04 14:55:55.566512,IN_mobile,checkout_optimizer
u226,control,2025-09-04 14:55:55.566512,IN_mobile,checkout_optimizer
u227,treatment,2025-09-04 14:55:55.566512,UK_mobile,checkout_optimizer
u228,control,2025-09-04 14:55:55.566512,UK_mobile,checkout_optimizer
u229,treatment,2025-09-04 14:55:55.566512,UK_mobile,checkout_optimizer
u230,control,2025-09-04 14:55:55.566512,UK_mobile,checkout_optimizer
u231,treatment,2025-09-04 14:55:55.566512,US_desktop,checkout_optimizer
u232,treatment,2025-09-04 14:55:55.566512,UK_desktop,checkout_optimizer
u233,control,2025-09-04 14:55:55.566512,IN_mobile,checkout_optimizer
u234,treatment,2025-09-04 14:55:55.566512,US_mobile,checkout_optimizer
u235,control,2025-09-04 14:55:55.566512,IN_desktop,checkout_optimizer
u236,treatment,2025-09-04 14:55:55.566512,IN_mobile,checkout_optimizer
u237,control,2025-09-04 14:55:55.566512,IN_mobile,checkout_optimizer
u238,treatment,2025-09-04 14:55:55.566512,UK_desktop,checkout_optimizer
u239,treatment,2025-09-04 14:55:55.566512,UK_mobile,checkout_optimizer
u240,treatment,2025-09-04 14:55:55.566512,US_mobile,checkout_optimizer
u241,treatment,2025-09-04 14:55:55.566512,US_mobile,checkout_optimizer
u242,control,2025-09-04 14:55:55.566512,UK_desktop,checkout_optimizer
u243,treatment,2025-09-04 14:55:55.566512,IN_desktop,checkout_optimizer
u244,control,2025-09-04 14:55:55.566512,US_desktop,checkout_optimizer
u245,treatment,2025-09-04 14:55:55.566512,UK_mobile,checkout_optimizer
u246,control,2025-09-04 14:55:55.566512,UK_mobile,checkout_optimizer
u247,treatment,2025-09-04 14:55:55.566512,UK_desktop,checkout_optimizer
u248,treatment,2025-09-04 14:55:55.566512,IN_mobile,checkout_optimizer
u249,control,2025-09-04 14:55:55.566512,UK_mobile,checkout_optimizer
u250,treatment,2025-09-04 14:55:55.566512,UK_mobile,checkout_optimizer
u251,control,2025-09-04 14:55:55.566512,UK_mobile,checkout_optimizer
u252,control,2025-09-04 14:55:55.566512,UK_mobile,checkout_optimizer
u253,control,2025-09-04 14:55:55.566512,US_desktop,checkout_optimizer
u254,control,2025-09-04 14:55:55.566512,US_mobile,checkout_optimizer
u255,treatment,2025-09-04 14:55:55.566512,UK_desktop,checkout_optimizer
u256,treatment,2025-09-04 14:55:55.566512,IN_mobile,checkout_optimizer
u257,treatment,2025-09-04 14:55:55.566512,US_desktop,checkout_optimizer
u258,treatment,2025-09-04 14:55:55.566512,UK_mobile,checkout_optimizer
u259,control,2025-09-04 14:55:55.566512,US_desktop,checkout_optimizer
u260,control,2025-09-04 14:55:55.566512,US_mobile,checkout_optimizer
u261,treatment,2025-09-04 14:55:55.566512,IN_desktop,checkout_optimizer
u262,control,2025-09-04 14:55:55.566512,UK_mobile,checkout_optimizer
u263,treatment,2025-09-04 14:55:55.566512,UK_desktop,checkout_optimizer
u264,control,2025-09-04 14:55:55.566512,IN_mobile,checkout_optimizer
u265,treatment,2025-09-04 14:55:55.566512,IN_desktop,checkout_optimizer
u266,treatment,2025-09-04 14:55:55.566512,UK_desktop,checkout_optimizer
u267,treatment,2025-09-04 14:55:55.566512,UK_mobile,checkout_optimizer
u268,control,2025-09-04 14:55:55.566512,IN_mobile,checkout_optimizer
u269,control,2025-09-04 14:55:55.566512,US_desktop,checkout_optimizer
u270,treatment,2025-09-04 14:55:55.566512,US_mobile,checkout_optimizer
u271,control,2025-09-04 14:55:55.566512,IN_desktop,checkout_optimizer
u272,treatment,2025-09-04 14:55:55.566512,US_desktop,checkout_optimizer
u273,treatment,2025-09-04 14:55:55.566512,IN_desktop,checkout_optimizer
u274,treatment,2025-09-04 14:55:55.566512,US_mobile,checkout_optimizer
u275,control,2025-09-04 14:55:55.566512,US_desktop,checkout_optimizer
u276,control,2025-09-04 14:55:55.566512,UK_desktop,checkout_optimizer
u277,treatment,2025-09-04 14:55:55.566512,UK_mobile,checkout_optimizer
u278,control,2025-09-04 14:55:55.566512,US_mobile,checkout_optimizer
u279,treatment,2025-09-04 14:55:55.566512,US_mobile,checkout_optimizer
u280,treatment,2025-09-04 14:55:55.566512,UK_mobile,checkout_optimizer
u281,control,2025-09-04 14:55:55.566512,UK_desktop,checkout_optimizer
u282,treatment,2025-09-04 14:55:55.566512,UK_desktop,checkout_optimizer
u283,treatment,2025-09-04 14:55:55.566512,IN_desktop,checkout_optimizer
u284,treatment,2025-09-04 14:55:55.566512,US_desktop,checkout_optimizer
u285,treatment,2025-09-04 14:55:55.566512,UK_mobile,checkout_optimizer
u286,control,2025-09-04 14:55:55.566512,US_desktop,checkout_optimizer
u287,control,2025-09-04 14:55:55.566512,IN_desktop,checkout_optimizer
u288,treatment,2025-09-04 14:55:55.566512,IN_mobile,checkout_optimizer
u289,treatment,2025-09-04 14:55:55.566512,UK_desktop,checkout_optimizer
u290,control,2025-09-04 14:55:55.566512,IN_desktop,checkout_optimizer
u291,control,2025-09-04 14:55:55.566512,US_desktop,checkout_optimizer
u292,treatment,2025-09-04 14:55:55.566512,UK_desktop,checkout_optimizer
u293,treatment,2025-09-04 14:55:55.566512,US_desktop,checkout_optimizer
u294,control,2025-09-04 14:55:55.566512,US_desktop,checkout_optimizer
u295,treatment,2025-09-04 14:55:55.566512,IN_mobile,checkout_optimizer
u296,treatment,2025-09-04 14:55:55.566512,IN_mobile,checkout_optimizer
u297,control,2025-09-04 14:55:55.566512,IN_desktop,checkout_optimizer
u298,control,2025-09-04 14:55:55.566512,IN_desktop,checkout_optimizer
u299,treatment,2025-09-04 14:55:55.566512,IN_mobile,checkout_optimizer
u300,treatment,2025-09-04 14:55:55.566512,UK_desktop,checkout_optimizer
u301,treatment,2025-09-04 14:55:55.566512,US_desktop,checkout_optimizer
u302,control,2025-09-04 14:55:55.566512,US_desktop,checkout_optimizer
u303,treatment,2025-09-04 14:55:55.566512,US_mobile,checkout_optimizer
u304,treatment,2025-09-04 14:55:55.566512,US_desktop,checkout_optimizer
u305,control,2025-09-04 14:55:55.566512,IN_mobile,checkout_optimizer
u306,treatment,2025-09-04 14:55:55.566512,US_desktop,checkout_optimizer
u307,control,2025-09-04 14:55:55.566512,UK_mobile,checkout_optimizer
u308,treatment,2025-09-04 14:55:55.566512,UK_mobile,checkout_optimizer
u309,control,2025-09-04 14:55:55.566512,US_desktop,checkout_optimizer
u310,control,2025-09-04 14:55:55.566512,US_mobile,checkout_optimizer
u311,treatment,2025-09-04 14:55:55.566512,UK_desktop,checkout_optimizer
u312,control,2025-09-04 14:55:55.566512,UK_mobile,checkout_optimizer
u313,control,2025-09-04 14:55:55.566512,IN_desktop,checkout_optimizer
u314,treatment,2025-09-04 14:55:55.566512,UK_desktop,checkout_optimizer
u315,treatment,2025-09-04 14:55:55.566512,IN_mobile,checkout_optimizer
u316,control,2025-09-04 14:55:55.566512,IN_desktop,checkout_optimizer
u317,treatment,2025-09-04 14:55:55.566512,IN_desktop,checkout_optimizer
u318,control,2025-09-04 14:55:55.566512,IN_mobile,checkout_optimizer
u319,treatment,2025-09-04 14:55:55.566512,IN_desktop,checkout_optimizer
u320,control,2025-09-04 14:55:55.566512,US_desktop,checkout_optimizer
u321,control,2025-09-04 14:55:55.566512,UK_mobile,checkout_optimizer
u322,control,2025-09-04 14:55:55.566512,IN_mobile,checkout_optimizer
u323,control,2025-09-04 14:55:55.566512,UK_desktop,checkout_optimizer
u324,treatment,2025-09-04 14:55:55.566512,UK_desktop,checkout_optimizer
u325,treatment,2025-09-04 14:55:55.566512,IN_mobile,checkout_optimizer
u326,control,2025-09-04 14:55:55.566512,US_mobile,checkout_optimizer
u327,control,2025-09-04 14:55:55.566512,IN_desktop,checkout_optimizer
u328,treatment,2025-09-04 14:55:55.566512,US_mobile,checkout_optimizer
u329,treatment,2025-09-04 14:55:55.566512,UK_desktop,checkout_optimizer
u330,treatment,2025-09-04 14:55:55.566512,US_desktop,checkout_optimizer
u331,control,2025-09-04 14:55:55.566512,US_desktop,checkout_optimizer
u332,control,2025-09-04 14:55:55.566512,US_desktop,checkout_optimizer
u333,control,2025-09-04 14:55:55.566512,UK_desktop,checkout_optimizer
u334,treatment,2025-09-04 14:55:55.566512,UK_mobile,checkout_optimizer
u335,control,2025-09-04 14:55:55.566512,US_mobile,checkout_optimizer
u336,control,2025-09-04 14:55:55.566512,US_mobile,checkout_optimizer
u337,control,2025-09-04 14:55:55.566512,IN_mobile,checkout_optimizer
u338,treatment,2025-09-04 14:55:55.566512,US_desktop,checkout_optimizer
u339,control,2025-09-04 14:55:55.566512,IN_desktop,checkout_optimizer
u340,control,2025-09-04 14:55:55.566512,US_desktop,checkout_optimizer
u341,treatment,2025-09-04 14:55:55.566512,IN_desktop,checkout_optimizer
u342,treatment,2025-09-04 14:55:55.566512,UK_mobile,checkout_optimizer
u343,treatment,2025-09-04 14:55:55.566512,US_desktop,checkout_optimizer
u344,control,2025-09-04 14:55:55.566512,US_desktop,checkout_optimizer
u345,control,2025-09-04 14:55:55.566512,US_mobile,checkout_optimizer
u346,control,2025-09-04 14:55:55.566512,US_mobile,checkout_optimizer
u347,treatment,2025-09-04 14:55:55.566512,IN_mobile,checkout_optimizer
u348,control,2025-09-04 14:55:55.566512,US_mobile,checkout_optimizer
u349,control,2025-09-04 14:55:55.566512,UK_desktop,checkout_optimizer
u350,control,2025-09-04 14:55:55.566512,UK_desktop,checkout_optimizer
u351,treatment,2025-09-04 14:55:55.566512,US_mobile,checkout_optimizer
u352,treatment,2025-09-04 14:55:55.566512,UK_desktop,checkout_optimizer
u353,treatment,2025-09-04 14:55:55.566512,US_desktop,checkout_optimizer
u354,treatment,2025-09-04 14:55:55.566512,US_desktop,checkout_optimizer
u355,treatment,2025-09-04 14:55:55.566512,UK_mobile,checkout_optimizer
u356,treatment,2025-09-04 14:55:55.566512,US_desktop,checkout_optimizer
u357,control,2025-09-04 14:55:55.566512,UK_mobile,checkout_optimizer
u358,control,2025-09-04 14:55:55.566512,IN_desktop,checkout_optimizer
u359,control,2025-09-04 14:55:55.566512,US_desktop,checkout_optimizer
u360,treatment,2025-09-04 14:55:55.566512,IN_desktop,checkout_optimizer
u361,treatment,2025-09-04 14:55:55.566512,UK_mobile,checkout_optimizer
u362,treatment,2025-09-04 14:55:55.566512,IN_desktop,checkout_optimizer
u363,control,2025-09-04 14:55:55.566512,IN_mobile,checkout_optimizer
u364,control,2025-09-04 14:55:55.566512,UK_mobile,checkout_optimizer
u365,control,2025-09-04 14:55:55.566512,IN_mobile,checkout_optimizer
u366,treatment,2025-09-04 14:55:55.566512,IN_desktop,checkout_optimizer
u367,treatment,2025-09-04 14:55:55.566512,UK_desktop,checkout_optimizer
u368,control,2025-09-04 14:55:55.566512,IN_desktop,checkout_optimizer
u369,treatment,2025-09-04 14:55:55.566512,UK_desktop,checkout_optimizer
u370,control,2025-09-04 14:55:55.566512,IN_mobile,checkout_optimizer
u371,treatment,2025-09-04 14:55:55.566512,UK_mobile,checkout_optimizer
u372,control,2025-09-04 14:55:55.566512,UK_mobile,checkout_optimizer
u373,treatment,2025-09-04 14:55:55.566512,IN_desktop,checkout_optimizer
u374,control,2025-09-04 14:55:55.566512,IN_mobile,checkout_optimizer
u375,control,2025-09-04 14:55:55.566512,IN_desktop,checkout_optimizer
u376,control,2025-09-04 14:55:55.566512,US_mobile,checkout_optimizer
u377,control,2025-09-04 14:55:55.566512,US_desktop,checkout_optimizer
u378,treatment,2025-09-04 14:55:55.566512,US_desktop,checkout_optimizer
u379,treatment,2025-09-04 14:55:55.566512,UK_mobile,checkout_optimizer
u380,control,2025-09-04 14:55:55.566512,IN_mobile,checkout_optimizer
u381,control,2025-09-04 14:55:55.566512,UK_mobile,checkout_optimizer
u382,control,2025-09-04 14:55:55.566512,US_mobile,checkout_optimizer
u383,treatment,2025-09-04 14:55:55.566512,IN_desktop,checkout_optimizer
u384,treatment,2025-09-04 14:55:55.566512,UK_mobile,checkout_optimizer
u385,control,2025-09-04 14:55:55.566512,IN_mobile,checkout_optimizer
u386,control,2025-09-04 14:55:55.566512,UK_mobile,checkout_optimizer
u387,treatment,2025-09-04 14:55:55.566512,IN_desktop,checkout_optimizer
u388,control,2025-09-04 14:55:55.566512,US_desktop,checkout_optimizer
u389,control,2025-09-04 14:55:55.566512,US_mobile,checkout_optimizer
u390,treatment,2025-09-04 14:55:55.566512,IN_desktop,checkout_optimizer
u391,control,2025-09-04 14:55:55.566512,UK_mobile,checkout_optimizer
u392,control,2025-09-04 14:55:55.566512,US_desktop,checkout_optimizer
u393,control,2025-09-04 14:55:55.566512,US_desktop,checkout_optimizer
u394,control,2025-09-04 14:55:55.566512,US_desktop,checkout_optimizer
u395,control,2025-09-04 14:55:55.566512,IN_desktop,checkout_optimizer
u396,treatment,2025-09-04 14:55:55.566512,IN_mobile,checkout_optimizer
u397,treatment,2025-09-04 14:55:55.566512,UK_mobile,checkout_optimizer
u398,treatment,2025-09-04 14:55:55.566512,UK_mobile,checkout_optimizer
u399,control,2025-09-04 14:55:55.566512,UK_desktop,checkout_optimizer
u400,control,2025-09-04 14:55:55.566512,IN_mobile,checkout_optimizer
u401,control,2025-09-04 14:55:55.566512,IN_mobile,checkout_optimizer
u402,control,2025-09-04 14:55:55.566512,UK_mobile,checkout_optimizer
u403,control,2025-09-04 14:55:55.566512,UK_desktop,checkout_optimizer
u404,control,2025-09-04 14:55:55.566512,IN_desktop,checkout_optimizer
u405,control,2025-09-04 14:55:55.566512,UK_desktop,checkout_optimizer
u406,treatment,2025-09-04 14:55:55.566512,US_mobile,checkout_optimizer
u407,treatment,2025-09-04 14:55:55.566512,IN_mobile,checkout_optimizer
u408,control,2025-09-04 14:55:55.566512,UK_mobile,checkout_optimizer
u409,treatment,2025-09-04 14:55:55.566512,IN_desktop,checkout_optimizer
u410,treatment,2025-09-04 14:55:55.566512,US_desktop,checkout_optimizer
u411,treatment,2025-09-04 14:55:55.566512,IN_mobile,checkout_optimizer
u412,control,2025-09-04 14:55:55.566512,IN_desktop,checkout_optimizer
u413,control,2025-09-04 14:55:55.566512,IN_desktop,checkout_optimizer
u414,treatment,2025-09-04 14:55:55.566512,IN_desktop,checkout_optimizer
u415,treatment,2025-09-04 14:55:55.566512,US_desktop,checkout_optimizer
u416,control,2025-09-04 14:55:55.566512,IN_mobile,checkout_optimizer
u417,control,2025-09-04 14:55:55.566512,IN_desktop,checkout_optimizer
u418,treatment,2025-09-04 14:55:55.566512,UK_desktop,checkout_optimizer
u419,treatment,2025-09-04 14:55:55.566512,IN_desktop,checkout_optimizer
u420,control,2025-09-04 14:55:55.566512,UK_desktop,checkout_optimizer
u421,control,2025-09-04 14:55:55.566512,US_mobile,checkout_optimizer
u422,control,2025-09-04 14:55:55.566512,US_mobile,checkout_optimizer
u423,treatment,2025-09-04 14:55:55.566512,US_desktop,checkout_optimizer
u424,treatment,2025-09-04 14:55:55.566512,US_desktop,checkout_optimizer
u425,treatment,2025-09-04 14:55:55.566512,UK_desktop,checkout_optimizer
u426,control,2025-09-04 14:55:55.566512,IN_desktop,checkout_optimizer
u427,control,2025-09-04 14:55:55.566512,US_desktop,checkout_optimizer
u428,treatment,2025-09-04 14:55:55.566512,IN_desktop,checkout_optimizer
u429,control,2025-09-04 14:55:55.566512,UK_mobile,checkout_optimizer
u430,control,2025-09-04 14:55:55.566512,UK_desktop,checkout_optimizer
u431,treatment,2025-09-04 14:55:55.566512,UK_mobile,checkout_optimizer
u432,treatment,2025-09-04 14:55:55.566512,US_mobile,checkout_optimizer
u433,treatment,2025-09-04 14:55:55.566512,IN_desktop,checkout_optimizer
u434,control,2025-09-04 14:55:55.566512,IN_mobile,checkout_optimizer
u435,control,2025-09-04 14:55:55.566512,IN_mobile,checkout_optimizer
u436,treatment,2025-09-04 14:55:55.566512,UK_mobile,checkout_optimizer
u437,treatment,2025-09-04 14:55:55.566512,US_mobile,checkout_optimizer
u438,treatment,2025-09-04 14:55:55.566512,UK_mobile,checkout_optimizer
u439,control,2025-09-04 14:55:55.566512,UK_mobile,checkout_optimizer
u440,treatment,2025-09-04 14:55:55.566512,IN_desktop,checkout_optimizer
u441,treatment,2025-09-04 14:55:55.566512,UK_mobile,checkout_optimizer
u442,treatment,2025-09-04 14:55:55.566512,IN_mobile,checkout_optimizer
u443,treatment,2025-09-04 14:55:55.566512,US_mobile,checkout_optimizer
u444,control,2025-09-04 14:55:55.566512,IN_desktop,checkout_optimizer
u445,control,2025-09-04 14:55:55.566512,US_mobile,checkout_optimizer
u446,treatment,2025-09-04 14:55:55.566512,IN_desktop,checkout_optimizer
u447,control,2025-09-04 14:55:55.566512,UK_mobile,checkout_optimizer
u448,treatment,2025-09-04 14:55:55.566512,UK_desktop,checkout_optimizer
u449,control,2025-09-04 14:55:55.566512,US_desktop,checkout_optimizer
u450,control,2025-09-04 14:55:55.566512,US_mobile,checkout_optimizer
u451,control,2025-09-04 14:55:55.566512,US_mobile,checkout_optimizer
u452,control,2025-09-04 14:55:55.566512,IN_desktop,checkout_optimizer
u453,treatment,2025-09-04 14:55:55.566512,IN_mobile,checkout_optimizer
u454,treatment,2025-09-04 14:55:55.566512,US_desktop,checkout_optimizer
u455,control,2025-09-04 14:55:55.566512,UK_desktop,checkout_optimizer
u456,treatment,2025-09-04 14:55:55.566512,IN_desktop,checkout_optimizer
u457,treatment,2025-09-04 14:55:55.566512,IN_desktop,checkout_optimizer
u458,control,2025-09-04 14:55:55.566512,IN_desktop,checkout_optimizer
u459,treatment,2025-09-04 14:55:55.566512,US_mobile,checkout_optimizer
u460,control,2025-09-04 14:55:55.566512,US_desktop,checkout_optimizer
u461,control,2025-09-04 14:55:55.566512,US_desktop,checkout_optimizer
u462,control,2025-09-04 14:55:55.566512,US_mobile,checkout_optimizer
u463,treatment,2025-09-04 14:55:55.566512,US_desktop,checkout_optimizer
u464,treatment,2025-09-04 14:55:55.566512,UK_mobile,checkout_optimizer
u465,treatment,2025-09-04 14:55:55.566512,UK_mobile,checkout_optimizer
u466,control,2025-09-04 14:55:55.566512,US_mobile,checkout_optimizer
u467,control,2025-09-04 14:55:55.566512,IN_desktop,checkout_optimizer
u468,control,2025-09-04 14:55:55.566512,US_desktop,checkout_optimizer
u469,treatment,2025-09-04 14:55:55.566512,UK_desktop,checkout_optimizer
u470,treatment,2025-09-04 14:55:55.566512,UK_mobile,checkout_optimizer
u471,control,2025-09-04 14:55:55.566512,IN_desktop,checkout_optimizer
u472,control,2025-09-04 14:55:55.566512,UK_mobile,checkout_optimizer
u473,treatment,2025-09-04 14:55:55.566512,US_desktop,checkout_optimizer
u474,treatment,2025-09-04 14:55:55.566512,IN_mobile,checkout_optimizer
u475,control,2025-09-04 14:55:55.566512,US_desktop,checkout_optimizer
u476,control,2025-09-04 14:55:55.566512,US_desktop,checkout_optimizer
u477,control,2025-09-04 14:55:55.566512,IN_desktop,checkout_optimizer
u478,treatment,2025-09-04 14:55:55.566512,US_mobile,checkout_optimizer
u479,control,2025-09-04 14:55:55.566512,UK_mobile,checkout_optimizer
u480,treatment,2025-09-04 14:55:55.566512,US_desktop,checkout_optimizer
u481,treatment,2025-09-04 14:55:55.566512,IN_desktop,checkout_optimizer
u482,control,2025-09-04 14:55:55.566512,IN_mobile,checkout_optimizer
u483,control,2025-09-04 14:55:55.566512,IN_mobile,checkout_optimizer
u484,treatment,2025-09-04 14:55:55.566512,US_mobile,checkout_optimizer
u485,control,2025-09-04 14:55:55.566512,IN_desktop,checkout_optimizer
u486,control,2025-09-04 14:55:55.566512,IN_mobile,checkout_optimizer
u487,treatment,2025-09-04 14:55:55.566512,US_desktop,checkout_optimizer
u488,treatment,2025-09-04 14:55:55.566512,UK_mobile,checkout_optimizer
u489,treatment,2025-09-04 14:55:55.566512,US_desktop,checkout_optimizer
u490,treatment,2025-09-04 14:55:55.566512,IN_mobile,checkout_optimizer
u491,treatment,2025-09-04 14:55:55.566512,IN_mobile,checkout_optimizer
u492,treatment,2025-09-04 14:55:55.566512,US_mobile,checkout_optimizer
u493,treatment,2025-09-04 14:55:55.566512,UK_mobile,checkout_optimizer
u494,treatment,2025-09-04 14:55:55.566512,IN_mobile,checkout_optimizer
u495,control,2025-09-04 14:55:55.566512,IN_desktop,checkout_optimizer
u496,treatment,2025-09-04 14:55:55.566512,IN_mobile,checkout_optimizer
u497,treatment,2025-09-04 14:55:55.566512,US_mobile,checkout_optimizer
u498,control,2025-09-04 14:55:55.566512,IN_mobile,checkout_optimizer
u499,control,2025-09-04 14:55:55.566512,UK_desktop,checkout_optimizer
u500,control,2025-09-04 14:55:55.566512,IN_mobile,checkout_optimizer
u501,treatment,2025-09-04 14:55:55.566512,IN_desktop,checkout_optimizer
u502,control,2025-09-04 14:55:55.566512,UK_mobile,checkout_optimizer
u503,control,2025-09-04 14:55:55.566512,IN_mobile,checkout_optimizer
u504,control,2025-09-04 14:55:55.566512,US_desktop,checkout_optimizer
u505,treatment,2025-09-04 14:55:55.566512,US_mobile,checkout_optimizer
u506,treatment,2025-09-04 14:55:55.566512,US_desktop,checkout_optimizer
u507,control,2025-09-04 14:55:55.566512,UK_desktop,checkout_optimizer
u508,treatment,2025-09-04 14:55:55.566512,IN_mobile,checkout_optimizer
u509,control,2025-09-04 14:55:55.566512,US_desktop,checkout_optimizer
u510,treatment,2025-09-04 14:55:55.566512,UK_mobile,checkout_optimizer
u511,treatment,2025-09-04 14:55:55.566512,IN_mobile,checkout_optimizer
u512,treatment,2025-09-04 14:55:55.566512,UK_desktop,checkout_optimizer
u513,control,2025-09-04 14:55:55.566512,US_desktop,checkout_optimizer
u514,control,2025-09-04 14:55:55.566512,US_desktop,checkout_optimizer
u515,treatment,2025-09-04 14:55:55.566512,US_desktop,checkout_optimizer
u516,control,2025-09-04 14:55:55.566512,UK_mobile,checkout_optimizer
u517,control,2025-09-04 14:55:55.566512,UK_mobile,checkout_optimizer
u518,control,2025-09-04 14:55:55.566512,US_desktop,checkout_optimizer
u519,control,2025-09-04 14:55:55.566512,UK_mobile,checkout_optimizer
u520,treatment,2025-09-04 14:55:55.566512,US_mobile,checkout_optimizer
u521,treatment,2025-09-04 14:55:55.566512,US_mobile,checkout_optimizer
u522,treatment,2025-09-04 14:55:55.566512,IN_mobile,checkout_optimizer
u523,control,2025-09-04 14:55:55.566512,UK_desktop,checkout_optimizer
u524,treatment,2025-09-04 14:55:55.566512,US_desktop,checkout_optimizer
u525,control,2025-09-04 14:55:55.566512,US_mobile,checkout_optimizer
u526,treatment,2025-09-04 14:55:55.566512,UK_desktop,checkout_optimizer
u527,control,2025-09-04 14:55:55.566512,IN_desktop,checkout_optimizer
u528,treatment,2025-09-04 14:55:55.566512,IN_desktop,checkout_optimizer
u529,treatment,2025-09-04 14:55:55.566512,US_mobile,checkout_optimizer
u530,control,2025-09-04 14:55:55.566512,UK_mobile,checkout_optimizer
u531,control,2025-09-04 14:55:55.566512,IN_mobile,checkout_optimizer
u532,treatment,2025-09-04 14:55:55.566512,UK_desktop,checkout_optimizer
u533,control,2025-09-04 14:55:55.566512,UK_mobile,checkout_optimizer
u534,control,2025-09-04 14:55:55.566512,US_mobile,checkout_optimizer
u535,control,2025-09-04 14:55:55.566512,IN_desktop,checkout_optimizer
u536,control,2025-09-04 14:55:55.566512,US_mobile,checkout_optimizer
u537,treatment,2025-09-04 14:55:55.566512,IN_mobile,checkout_optimizer
u538,control,2025-09-04 14:55:55.566512,IN_desktop,checkout_optimizer
u539,treatment,2025-09-04 14:55:55.566512,IN_desktop,checkout_optimizer
u540,control,2025-09-04 14:55:55.566512,IN_desktop,checkout_optimizer
u541,control,2025-09-04 14:55:55.566512,IN_mobile,checkout_optimizer
u542,control,2025-09-04 14:55:55.566512,UK_mobile,checkout_optimizer
u543,control,2025-09-04 14:55:55.566512,US_mobile,checkout_optimizer
u544,control,2025-09-04 14:55:55.566512,UK_desktop,checkout_optimizer
u545,control,2025-09-04 14:55:55.566512,IN_desktop,checkout_optimizer
u546,control,2025-09-04 14:55:55.566512,US_mobile,checkout_optimizer
u547,treatment,2025-09-04 14:55:55.566512,IN_mobile,checkout_optimizer
u548,control,2025-09-04 14:55:55.566512,US_desktop,checkout_optimizer
u549,control,2025-09-04 14:55:55.566512,UK_desktop,checkout_optimizer
u550,treatment,2025-09-04 14:55:55.566512,US_desktop,checkout_optimizer
u551,treatment,2025-09-04 14:55:55.566512,US_desktop,checkout_optimizer
u552,control,2025-09-04 14:55:55.566512,US_mobile,checkout_optimizer
u553,control,2025-09-04 14:55:55.566512,US_desktop,checkout_optimizer
u554,control,2025-09-04 14:55:55.566512,US_mobile,checkout_optimizer
u555,control,2025-09-04 14:55:55.566512,IN_mobile,checkout_optimizer
u556,control,2025-09-04 14:55:55.566512,US_mobile,checkout_optimizer
u557,control,2025-09-04 14:55:55.566512,US_desktop,checkout_optimizer
u558,control,2025-09-04 14:55:55.566512,UK_desktop,checkout_optimizer
u559,treatment,2025-09-04 14:55:55.566512,US_desktop,checkout_optimizer
u560,treatment,2025-09-04 14:55:55.566512,UK_desktop,checkout_optimizer
u561,control,2025-09-04 14:55:55.566512,IN_mobile,checkout_optimizer
u562,control,2025-09-04 14:55:55.566512,US_desktop,checkout_optimizer
u563,treatment,2025-09-04 14:55:55.566512,UK_desktop,checkout_optimizer
u564,control,2025-09-04 14:55:55.566512,UK_mobile,checkout_optimizer
u565,treatment,2025-09-04 14:55:55.566512,IN_desktop,checkout_optimizer
u566,treatment,2025-09-04 14:55:55.566512,US_mobile,checkout_optimizer
u567,treatment,2025-09-04 14:55:55.566512,US_mobile,checkout_optimizer
u568,treatment,2025-09-04 14:55:55.566512,UK_mobile,checkout_optimizer
u569,control,2025-09-04 14:55:55.566512,US_mobile,checkout_optimizer
u570,treatment,2025-09-04 14:55:55.566512,UK_mobile,checkout_optimizer
u571,control,2025-09-04 14:55:55.566512,US_mobile,checkout_optimizer
u572,treatment,2025-09-04 14:55:55.566512,UK_mobile,checkout_optimizer
u573,control,2025-09-04 14:55:55.566512,US_mobile,checkout_optimizer
u574,treatment,2025-09-04 14:55:55.566512,IN_desktop,checkout_optimizer
u575,treatment,2025-09-04 14:55:55.566512,US_desktop,checkout_optimizer
u576,treatment,2025-09-04 14:55:55.566512,US_desktop,checkout_optimizer
u577,treatment,2025-09-04 14:55:55.566512,IN_desktop,checkout_optimizer
u578,treatment,2025-09-04 14:55:55.566512,US_mobile,checkout_optimizer
u579,control,2025-09-04 14:55:55.566512,IN_desktop,checkout_optimizer
u580,treatment,2025-09-04 14:55:55.566512,US_mobile,checkout_optimizer
u581,treatment,2025-09-04 14:55:55.566512,UK_desktop,checkout_optimizer
u582,control,2025-09-04 14:55:55.566512,UK_desktop,checkout_optimizer
u583,treatment,2025-09-04 14:55:55.566512,US_desktop,checkout_optimizer
u584,control,2025-09-04 14:55:55.566512,US_mobile,checkout_optimizer
u585,control,2025-09-04 14:55:55.566512,US_desktop,checkout_optimizer
u586,treatment,2025-09-04 14:55:55.566512,UK_mobile,checkout_optimizer
u587,control,2025-09-04 14:55:55.566512,US_mobile,checkout_optimizer
u588,control,2025-09-04 14:55:55.566512,UK_desktop,checkout_optimizer
u589,treatment,2025-09-04 14:55:55.566512,IN_desktop,checkout_optimizer
u590,control,2025-09-04 14:55:55.566512,UK_desktop,checkout_optimizer
u591,control,2025-09-04 14:55:55.566512,UK_mobile,checkout_optimizer
u592,treatment,2025-09-04 14:55:55.566512,IN_desktop,checkout_optimizer
u593,control,2025-09-04 14:55:55.566512,UK_mobile,checkout_optimizer
u594,control,2025-09-04 14:55:55.566512,US_mobile,checkout_optimizer
u595,treatment,2025-09-04 14:55:55.566512,US_desktop,checkout_optimizer
u596,treatment,2025-09-04 14:55:55.566512,UK_desktop,checkout_optimizer
u597,treatment,2025-09-04 14:55:55.566512,US_mobile,checkout_optimizer
u598,control,2025-09-04 14:55:55.566512,UK_mobile,checkout_optimizer
u599,treatment,2025-09-04 14:55:55.566512,US_mobile,checkout_optimizer
u600,treatment,2025-09-04 14:55:55.566512,US_desktop,checkout_optimizer
u601,control,2025-09-04 14:55:55.566512,UK_mobile,checkout_optimizer
u602,control,2025-09-04 14:55:55.566512,US_desktop,checkout_optimizer
u603,treatment,2025-09-04 14:55:55.566512,UK_mobile,checkout_optimizer
u604,treatment,2025-09-04 14:55:55.566512,US_mobile,checkout_optimizer
u605,control,2025-09-04 14:55:55.566512,US_desktop,checkout_optimizer
u606,treatment,2025-09-04 14:55:55.566512,IN_mobile,checkout_optimizer
u607,control,2025-09-04 14:55:55.566512,IN_desktop,checkout_optimizer
u608,control,2025-09-04 14:55:55.566512,UK_desktop,checkout_optimizer
u609,control,2025-09-04 14:55:55.566512,IN_mobile,checkout_optimizer
u610,control,2025-09-04 14:55:55.566512,UK_desktop,checkout_optimizer
u611,treatment,2025-09-04 14:55:55.566512,IN_desktop,checkout_optimizer
u612,treatment,2025-09-04 14:55:55.566512,US_mobile,checkout_optimizer
u613,control,2025-09-04 14:55:55.566512,UK_desktop,checkout_optimizer
u614,control,2025-09-04 14:55:55.566512,UK_desktop,checkout_optimizer
u615,treatment,2025-09-04 14:55:55.566512,US_desktop,checkout_optimizer
u616,control,2025-09-04 14:55:55.566512,UK_mobile,checkout_optimizer
u617,control,2025-09-04 14:55:55.566512,UK_desktop,checkout_optimizer
u618,control,2025-09-04 14:55:55.566512,IN_mobile,checkout_optimizer
u619,treatment,2025-09-04 14:55:55.566512,UK_mobile,checkout_optimizer
u620,treatment,2025-09-04 14:55:55.566512,US_desktop,checkout_optimizer
u621,treatment,2025-09-04 14:55:55.566512,IN_desktop,checkout_optimizer
u622,control,2025-09-04 14:55:55.566512,IN_desktop,checkout_optimizer
u623,treatment,2025-09-04 14:55:55.566512,US_mobile,checkout_optimizer
u624,control,2025-09-04 14:55:55.566512,US_desktop,checkout_optimizer
u625,control,2025-09-04 14:55:55.566512,IN_desktop,checkout_optimizer
u626,treatment,2025-09-04 14:55:55.566512,UK_desktop,checkout_optimizer
u627,control,2025-09-04 14:55:55.566512,IN_desktop,checkout_optimizer
u628,control,2025-09-04 14:55:55.566512,US_desktop,checkout_optimizer
u629,treatment,2025-09-04 14:55:55.566512,IN_mobile,checkout_optimizer
u630,treatment,2025-09-04 14:55:55.566512,US_mobile,checkout_optimizer
u631,treatment,2025-09-04 14:55:55.566512,IN_desktop,checkout_optimizer
u632,control,2025-09-04 14:55:55.566512,UK_desktop,checkout_optimizer
u633,control,2025-09-04 14:55:55.566512,IN_desktop,checkout_optimizer
u634,control,2025-09-04 14:55:55.566512,IN_desktop,checkout_optimizer
u635,treatment,2025-09-04 14:55:55.566512,US_mobile,checkout_optimizer
u636,control,2025-09-04 14:55:55.566512,US_desktop,checkout_optimizer
u637,control,2025-09-04 14:55:55.566512,US_mobile,checkout_optimizer
u638,control,2025-09-04 14:55:55.566512,IN_mobile,checkout_optimizer
u639,control,2025-09-04 14:55:55.566512,UK_desktop,checkout_optimizer
u640,control,2025-09-04 14:55:55.566512,US_mobile,checkout_optimizer
u641,treatment,2025-09-04 14:55:55.566512,US_mobile,checkout_optimizer
u642,treatment,2025-09-04 14:55:55.566512,IN_mobile,checkout_optimizer
u643,treatment,2025-09-04 14:55:55.566512,US_mobile,checkout_optimizer
u644,treatment,2025-09-04 14:55:55.566512,UK_desktop,checkout_optimizer
u645,control,2025-09-04 14:55:55.566512,UK_desktop,checkout_optimizer
u646,treatment,2025-09-04 14:55:55.566512,US_mobile,checkout_optimizer
u647,treatment,2025-09-04 14:55:55.566512,US_desktop,checkout_optimizer
u648,control,2025-09-04 14:55:55.566512,IN_desktop,checkout_optimizer
u649,treatment,2025-09-04 14:55:55.566512,UK_desktop,checkout_optimizer
u650,treatment,2025-09-04 14:55:55.566512,UK_desktop,checkout_optimizer
u651,treatment,2025-09-04 14:55:55.566512,US_desktop,checkout_optimizer
u652,treatment,2025-09-04 14:55:55.566512,IN_mobile,checkout_optimizer
u653,control,2025-09-04 14:55:55.566512,UK_desktop,checkout_optimizer
u654,treatment,2025-09-04 14:55:55.566512,UK_desktop,checkout_optimizer
u655,control,2025-09-04 14:55:55.566512,IN_desktop,checkout_optimizer
u656,control,2025-09-04 14:55:55.566512,IN_desktop,checkout_optimizer
u657,treatment,2025-09-04 14:55:55.566512,UK_mobile,checkout_optimizer
u658,treatment,2025-09-04 14:55:55.566512,UK_mobile,checkout_optimizer
u659,control,2025-09-04 14:55:55.566512,IN_mobile,checkout_optimizer
u660,control,2025-09-04 14:55:55.566512,UK_mobile,checkout_optimizer
u661,treatment,2025-09-04 14:55:55.566512,US_desktop,checkout_optimizer
u662,treatment,2025-09-04 14:55:55.566512,US_mobile,checkout_optimizer
u663,control,2025-09-04 14:55:55.566512,IN_desktop,checkout_optimizer
u664,treatment,2025-09-04 14:55:55.566512,IN_desktop,checkout_optimizer
u665,control,2025-09-04 14:55:55.566512,IN_desktop,checkout_optimizer
u666,treatment,2025-09-04 14:55:55.566512,US_desktop,checkout_optimizer
u667,control,2025-09-04 14:55:55.566512,UK_desktop,checkout_optimizer
u668,treatment,2025-09-04 14:55:55.566512,US_mobile,checkout_optimizer
u669,treatment,2025-09-04 14:55:55.566512,UK_mobile,checkout_optimizer
u670,treatment,2025-09-04 14:55:55.566512,US_mobile,checkout_optimizer
u671,control,2025-09-04 14:55:55.566512,UK_mobile,checkout_optimizer
u672,treatment,2025-09-04 14:55:55.566512,US_desktop,checkout_optimizer
u673,treatment,2025-09-04 14:55:55.566512,IN_mobile,checkout_optimizer
u674,control,2025-09-04 14:55:55.566512,US_desktop,checkout_optimizer
u675,treatment,2025-09-04 14:55:55.566512,UK_mobile,checkout_optimizer
u676,treatment,2025-09-04 14:55:55.566512,US_desktop,checkout_optimizer
u677,control,2025-09-04 14:55:55.566512,US_desktop,checkout_optimizer
u678,control,2025-09-04 14:55:55.566512,US_mobile,checkout_optimizer
u679,treatment,2025-09-04 14:55:55.566512,IN_desktop,checkout_optimizer
u680,control,2025-09-04 14:55:55.566512,US_desktop,checkout_optimizer
u681,control,2025-09-04 14:55:55.566512,IN_mobile,checkout_optimizer
u682,control,2025-09-04 14:55:55.566512,IN_desktop,checkout_optimizer
u683,treatment,2025-09-04 14:55:55.566512,US_mobile,checkout_optimizer
u684,treatment,2025-09-04 14:55:55.566512,US_mobile,checkout_optimizer
u685,treatment,2025-09-04 14:55:55.566512,US_mobile,checkout_optimizer
u686,treatment,2025-09-04 14:55:55.566512,UK_desktop,checkout_optimizer
u687,treatment,2025-09-04 14:55:55.566512,US_desktop,checkout_optimizer
u688,control,2025-09-04 14:55:55.566512,IN_desktop,checkout_optimizer
u689,treatment,2025-09-04 14:55:55.566512,US_mobile,checkout_optimizer
u690,treatment,2025-09-04 14:55:55.566512,UK_desktop,checkout_optimizer
u691,control,2025-09-04 14:55:55.566512,US_mobile,checkout_optimizer
u692,treatment,2025-09-04 14:55:55.566512,UK_mobile,checkout_optimizer
u693,control,2025-09-04 14:55:55.566512,UK_desktop,checkout_optimizer
u694,control,2025-09-04 14:55:55.566512,US_mobile,checkout_optimizer
u695,control,2025-09-04 14:55:55.566512,IN_desktop,checkout_optimizer
u696,treatment,2025-09-04 14:55:55.566512,UK_desktop,checkout_optimizer
u697,treatment,2025-09-04 14:55:55.566512,US_desktop,checkout_optimizer
u698,treatment,2025-09-04 14:55:55.566512,US_desktop,checkout_optimizer
u699,treatment,2025-09-04 14:55:55.566512,IN_desktop,checkout_optimizer
u700,treatment,2025-09-04 14:55:55.566512,UK_mobile,checkout_optimizer
u701,treatment,2025-09-04 14:55:55.566512,UK_mobile,checkout_optimizer
u702,treatment,2025-09-04 14:55:55.566512,US_mobile,checkout_optimizer
u703,control,2025-09-04 14:55:55.566512,US_desktop,checkout_optimizer
u704,treatment,2025-09-04 14:55:55.566512,IN_desktop,checkout_optimizer
u705,treatment,2025-09-04 14:55:55.566512,IN_desktop,checkout_optimizer
u706,treatment,2025-09-04 14:55:55.566512,UK_mobile,checkout_optimizer
u707,control,2025-09-04 14:55:55.566512,UK_desktop,checkout_optimizer
u708,control,2025-09-04 14:55:55.566512,US_mobile,checkout_optimizer
u709,control,2025-09-04 14:55:55.566512,UK_mobile,checkout_optimizer
u710,treatment,2025-09-04 14:55:55.566512,IN_desktop,checkout_optimizer
u711,treatment,2025-09-04 14:55:55.566512,IN_desktop,checkout_optimizer
u712,control,2025-09-04 14:55:55.566512,US_mobile,checkout_optimizer
u713,treatment,2025-09-04 14:55:55.566512,IN_desktop,checkout_optimizer
u714,control,2025-09-04 14:55:55.566512,IN_mobile,checkout_optimizer
u715,treatment,2025-09-04 14:55:55.566512,IN_desktop,checkout_optimizer
u716,treatment,2025-09-04 14:55:55.566512,IN_desktop,checkout_optimizer
u717,treatment,2025-09-04 14:55:55.566512,US_mobile,checkout_optimizer
u718,treatment,2025-09-04 14:55:55.566512,US_desktop,checkout_optimizer
u719,treatment,2025-09-04 14:55:55.566512,UK_mobile,checkout_optimizer
u720,control,2025-09-04 14:55:55.566512,IN_desktop,checkout_optimizer
u721,treatment,2025-09-04 14:55:55.566512,UK_mobile,checkout_optimizer
u722,control,2025-09-04 14:55:55.566512,US_mobile,checkout_optimizer
u723,control,2025-09-04 14:55:55.566512,US_desktop,checkout_optimizer
u724,treatment,2025-09-04 14:55:55.566512,US_mobile,checkout_optimizer
u725,control,2025-09-04 14:55:55.566512,US_desktop,checkout_optimizer
u726,control,2025-09-04 14:55:55.566512,US_desktop,checkout_optimizer
u727,treatment,2025-09-04 14:55:55.566512,US_desktop,checkout_optimizer
u728,control,2025-09-04 14:55:55.566512,US_mobile,checkout_optimizer
u729,treatment,2025-09-04 14:55:55.566512,IN_mobile,checkout_optimizer
u730,treatment,2025-09-04 14:55:55.566512,UK_desktop,checkout_optimizer
u731,control,2025-09-04 14:55:55.566512,US_desktop,checkout_optimizer
u732,control,2025-09-04 14:55:55.566512,IN_mobile,checkout_optimizer
u733,control,2025-09-04 14:55:55.566512,IN_desktop,checkout_optimizer
u734,control,2025-09-04 14:55:55.566512,UK_desktop,checkout_optimizer
u735,treatment,2025-09-04 14:55:55.566512,US_mobile,checkout_optimizer
u736,control,2025-09-04 14:55:55.566512,UK_desktop,checkout_optimizer
u737,control,2025-09-04 14:55:55.566512,US_mobile,checkout_optimizer
u738,treatment,2025-09-04 14:55:55.566512,IN_desktop,checkout_optimizer
u739,treatment,2025-09-04 14:55:55.566512,IN_mobile,checkout_optimizer
u740,control,2025-09-04 14:55:55.566512,IN_desktop,checkout_optimizer
u741,control,2025-09-04 14:55:55.566512,IN_desktop,checkout_optimizer
u742,treatment,2025-09-04 14:55:55.566512,UK_mobile,checkout_optimizer
u743,treatment,2025-09-04 14:55:55.566512,US_desktop,checkout_optimizer
u744,control,2025-09-04 14:55:55.566512,US_mobile,checkout_optimizer
u745,treatment,2025-09-04 14:55:55.566512,UK_desktop,checkout_optimizer
u746,treatment,2025-09-04 14:55:55.566512,US_mobile,checkout_optimizer
u747,treatment,2025-09-04 14:55:55.566512,IN_mobile,checkout_optimizer
u748,control,2025-09-04 14:55:55.566512,US_mobile,checkout_optimizer
u749,treatment,2025-09-04 14:55:55.566512,IN_mobile,checkout_optimizer
u750,control,2025-09-04 14:55:55.566512,UK_desktop,checkout_optimizer
u751,control,2025-09-04 14:55:55.566512,US_desktop,checkout_optimizer
u752,control,2025-09-04 14:55:55.566512,UK_mobile,checkout_optimizer
u753,control,2025-09-04 14:55:55.566512,US_mobile,checkout_optimizer
u754,control,2025-09-04 14:55:55.566512,IN_mobile,checkout_optimizer
u755,control,2025-09-04 14:55:55.566512,UK_desktop,checkout_optimizer
u756,control,2025-09-04 14:55:55.566512,US_desktop,checkout_optimizer
u757,treatment,2025-09-04 14:55:55.566512,IN_desktop,checkout_optimizer
u758,treatment,2025-09-04 14:55:55.566512,UK_desktop,checkout_optimizer
u759,treatment,2025-09-04 14:55:55.566512,UK_mobile,checkout_optimizer
u760,control,2025-09-04 14:55:55.566512,US_mobile,checkout_optimizer
u761,treatment,2025-09-04 14:55:55.566512,US_mobile,checkout_optimizer
u762,control,2025-09-04 14:55:55.566512,US_desktop,checkout_optimizer
u763,treatment,2025-09-04 14:55:55.566512,IN_desktop,checkout_optimizer
u764,treatment,2025-09-04 14:55:55.566512,US_desktop,checkout_optimizer
u765,treatment,2025-09-04 14:55:55.566512,UK_mobile,checkout_optimizer
u766,treatment,2025-09-04 14:55:55.566512,UK_mobile,checkout_optimizer
u767,control,2025-09-04 14:55:55.566512,US_desktop,checkout_optimizer
u768,treatment,2025-09-04 14:55:55.566512,US_mobile,checkout_optimizer
u769,treatment,2025-09-04 14:55:55.566512,UK_desktop,checkout_optimizer
u770,treatment,2025-09-04 14:55:55.566512,IN_desktop,checkout_optimizer
u771,treatment,2025-09-04 14:55:55.566512,US_mobile,checkout_optimizer
u772,treatment,2025-09-04 14:55:55.566512,US_desktop,checkout_optimizer
u773,treatment,2025-09-04 14:55:55.566512,UK_mobile,checkout_optimizer
u774,control,2025-09-04 14:55:55.566512,US_desktop,checkout_optimizer
u775,control,2025-09-04 14:55:55.566512,IN_mobile,checkout_optimizer
u776,control,2025-09-04 14:55:55.566512,UK_mobile,checkout_optimizer
u777,control,2025-09-04 14:55:55.566512,US_mobile,checkout_optimizer
u778,control,2025-09-04 14:55:55.566512,UK_desktop,checkout_optimizer
u779,control,2025-09-04 14:55:55.566512,US_desktop,checkout_optimizer
u780,treatment,2025-09-04 14:55:55.566512,US_mobile,checkout_optimizer
u781,control,2025-09-04 14:55:55.566512,US_mobile,checkout_optimizer
u782,treatment,2025-09-04 14:55:55.566512,IN_desktop,checkout_optimizer
u783,treatment,2025-09-04 14:55:55.566512,IN_desktop,checkout_optimizer
u784,treatment,2025-09-04 14:55:55.566512,UK_desktop,checkout_optimizer
u785,treatment,2025-09-04 14:55:55.566512,US_mobile,checkout_optimizer
u786,control,2025-09-04 14:55:55.566512,US_desktop,checkout_optimizer
u787,treatment,2025-09-04 14:55:55.566512,IN_desktop,checkout_optimizer
u788,treatment,2025-09-04 14:55:55.566512,US_mobile,checkout_optimizer
u789,treatment,2025-09-04 14:55:55.566512,IN_desktop,checkout_optimizer
u790,control,2025-09-04 14:55:55.566512,US_desktop,checkout_optimizer
u791,treatment,2025-09-04 14:55:55.566512,UK_desktop,checkout_optimizer
u792,treatment,2025-09-04 14:55:55.566512,US_mobile,checkout_optimizer
u793,control,2025-09-04 14:55:55.566512,US_mobile,checkout_optimizer
u794,treatment,2025-09-04 14:55:55.566512,IN_mobile,checkout_optimizer
u795,control,2025-09-04 14:55:55.566512,US_mobile,checkout_optimizer
u796,treatment,2025-09-04 14:55:55.566512,US_mobile,checkout_optimizer
u797,treatment,2025-09-04 14:55:55.566512,IN_mobile,checkout_optimizer
u798,control,2025-09-04 14:55:55.566512,UK_mobile,checkout_optimizer
u799,control,2025-09-04 14:55:55.566512,UK_desktop,checkout_optimizer
u800,treatment,2025-09-04 14:55:55.566512,IN_desktop,checkout_optimizer
u801,treatment,2025-09-04 14:55:55.566512,IN_mobile,checkout_optimizer
u802,control,2025-09-04 14:55:55.566512,IN_desktop,checkout_optimizer
u803,treatment,2025-09-04 14:55:55.566512,IN_desktop,checkout_optimizer
u804,treatment,2025-09-04 14:55:55.566512,IN_mobile,checkout_optimizer
u805,control,2025-09-04 14:55:55.566512,UK_desktop,checkout_optimizer
u806,treatment,2025-09-04 14:55:55.566512,UK_desktop,checkout_optimizer
u807,treatment,2025-09-04 14:55:55.566512,IN_desktop,checkout_optimizer
u808,control,2025-09-04 14:55:55.566512,US_desktop,checkout_optimizer
u809,treatment,2025-09-04 14:55:55.566512,IN_desktop,checkout_optimizer
u810,control,2025-09-04 14:55:55.566512,US_mobile,checkout_optimizer
u811,control,2025-09-04 14:55:55.566512,IN_mobile,checkout_optimizer
u812,treatment,2025-09-04 14:55:55.566512,IN_mobile,checkout_optimizer
u813,control,2025-09-04 14:55:55.566512,UK_desktop,checkout_optimizer
u814,treatment,2025-09-04 14:55:55.566512,US_mobile,checkout_optimizer
u815,control,2025-09-04 14:55:55.566512,US_desktop,checkout_optimizer
u816,treatment,2025-09-04 14:55:55.566512,UK_desktop,checkout_optimizer
u817,treatment,2025-09-04 14:55:55.566512,UK_desktop,checkout_optimizer
u818,control,2025-09-04 14:55:55.566512,UK_desktop,checkout_optimizer
u819,control,2025-09-04 14:55:55.566512,UK_mobile,checkout_optimizer
u820,treatment,2025-09-04 14:55:55.566512,US_mobile,checkout_optimizer
u821,treatment,2025-09-04 14:55:55.566512,US_desktop,checkout_optimizer
u822,treatment,2025-09-04 14:55:55.566512,IN_mobile,checkout_optimizer
u823,control,2025-09-04 14:55:55.566512,IN_desktop,checkout_optimizer
u824,control,2025-09-04 14:55:55.566512,UK_mobile,checkout_optimizer
u825,treatment,2025-09-04 14:55:55.566512,UK_mobile,checkout_optimizer
u826,treatment,2025-09-04 14:55:55.566512,UK_desktop,checkout_optimizer
u827,treatment,2025-09-04 14:55:55.566512,IN_mobile,checkout_optimizer
u828,treatment,2025-09-04 14:55:55.566512,IN_desktop,checkout_optimizer
u829,treatment,2025-09-04 14:55:55.566512,IN_mobile,checkout_optimizer
u830,treatment,2025-09-04 14:55:55.566512,IN_desktop,checkout_optimizer
u831,control,2025-09-04 14:55:55.566512,IN_desktop,checkout_optimizer
u832,treatment,2025-09-04 14:55:55.566512,IN_mobile,checkout_optimizer
u833,control,2025-09-04 14:55:55.566512,IN_mobile,checkout_optimizer
u834,treatment,2025-09-04 14:55:55.566512,UK_desktop,checkout_optimizer
u835,control,2025-09-04 14:55:55.566512,UK_mobile,checkout_optimizer
u836,control,2025-09-04 14:55:55.566512,UK_mobile,checkout_optimizer
u837,control,2025-09-04 14:55:55.566512,UK_desktop,checkout_optimizer
u838,control,2025-09-04 14:55:55.566512,IN_desktop,checkout_optimizer
u839,control,2025-09-04 14:55:55.566512,US_mobile,checkout_optimizer
u840,control,2025-09-04 14:55:55.566512,IN_desktop,checkout_optimizer
u841,treatment,2025-09-04 14:55:55.566512,US_desktop,checkout_optimizer
u842,control,2025-09-04 14:55:55.566512,UK_desktop,checkout_optimizer
u843,control,2025-09-04 14:55:55.566512,IN_mobile,checkout_optimizer
u844,treatment,2025-09-04 14:55:55.566512,UK_mobile,checkout_optimizer
u845,treatment,2025-09-04 14:55:55.566512,IN_desktop,checkout_optimizer
u846,control,2025-09-04 14:55:55.566512,UK_mobile,checkout_optimizer
u847,control,2025-09-04 14:55:55.566512,US_desktop,checkout_optimizer
u848,control,2025-09-04 14:55:55.566512,US_mobile,checkout_optimizer
u849,control,2025-09-04 14:55:55.566512,US_desktop,checkout_optimizer
u850,control,2025-09-04 14:55:55.566512,IN_desktop,checkout_optimizer
u851,treatment,2025-09-04 14:55:55.566512,US_mobile,checkout_optimizer
u852,treatment,2025-09-04 14:55:55.566512,IN_desktop,checkout_optimizer
u853,control,2025-09-04 14:55:55.566512,US_mobile,checkout_optimizer
u854,treatment,2025-09-04 14:55:55.566512,US_mobile,checkout_optimizer
u855,control,2025-09-04 14:55:55.566512,IN_desktop,checkout_optimizer
u856,treatment,2025-09-04 14:55:55.566512,IN_desktop,checkout_optimizer
u857,treatment,2025-09-04 14:55:55.566512,US_mobile,checkout_optimizer
u858,control,2025-09-04 14:55:55.566512,IN_desktop,checkout_optimizer
u859,control,2025-09-04 14:55:55.566512,US_desktop,checkout_optimizer
u860,control,2025-09-04 14:55:55.566512,IN_desktop,checkout_optimizer
u861,treatment,2025-09-04 14:55:55.566512,UK_desktop,checkout_optimizer
u862,treatment,2025-09-04 14:55:55.566512,UK_desktop,checkout_optimizer
u863,treatment,2025-09-04 14:55:55.566512,UK_mobile,checkout_optimizer
u864,treatment,2025-09-04 14:55:55.566512,UK_mobile,checkout_optimizer
u865,control,2025-09-04 14:55:55.566512,UK_desktop,checkout_optimizer
u866,control,2025-09-04 14:55:55.566512,US_desktop,checkout_optimizer
u867,treatment,2025-09-04 14:55:55.566512,UK_desktop,checkout_optimizer
u868,treatment,2025-09-04 14:55:55.566512,UK_mobile,checkout_optimizer
u869,treatment,2025-09-04 14:55:55.566512,UK_desktop,checkout_optimizer
u870,treatment,2025-09-04 14:55:55.566512,UK_mobile,checkout_optimizer
u871,control,2025-09-04 14:55:55.566512,IN_mobile,checkout_optimizer
u872,control,2025-09-04 14:55:55.566512,US_mobile,checkout_optimizer
u873,treatment,2025-09-04 14:55:55.566512,UK_desktop,checkout_optimizer
u874,treatment,2025-09-04 14:55:55.566512,UK_mobile,checkout_optimizer
u875,treatment,2025-09-04 14:55:55.566512,UK_desktop,checkout_optimizer
u876,control,2025-09-04 14:55:55.566512,US_mobile,checkout_optimizer
u877,treatment,2025-09-04 14:55:55.566512,IN_desktop,checkout_optimizer
u878,control,2025-09-04 14:55:55.566512,US_mobile,checkout_optimizer
u879,treatment,2025-09-04 14:55:55.566512,IN_desktop,checkout_optimizer
u880,treatment,2025-09-04 14:55:55.566512,UK_mobile,checkout_optimizer
u881,control,2025-09-04 14:55:55.566512,UK_desktop,checkout_optimizer
u882,treatment,2025-09-04 14:55:55.566512,US_desktop,checkout_optimizer
u883,control,2025-09-04 14:55:55.566512,US_desktop,checkout_optimizer
u884,control,2025-09-04 14:55:55.566512,IN_desktop,checkout_optimizer
u885,treatment,2025-09-04 14:55:55.566512,IN_mobile,checkout_optimizer
u886,treatment,2025-09-04 14:55:55.566512,US_mobile,checkout_optimizer
u887,control,2025-09-04 14:55:55.566512,IN_desktop,checkout_optimizer
u888,treatment,2025-09-04 14:55:55.566512,US_mobile,checkout_optimizer
u889,control,2025-09-04 14:55:55.566512,IN_desktop,checkout_optimizer
u890,treatment,2025-09-04 14:55:55.566512,US_desktop,checkout_optimizer
u891,treatment,2025-09-04 14:55:55.566512,US_mobile,checkout_optimizer
u892,treatment,2025-09-04 14:55:55.566512,US_desktop,checkout_optimizer
u893,control,2025-09-04 14:55:55.566512,IN_desktop,checkout_optimizer
u894,control,2025-09-04 14:55:55.566512,IN_mobile,checkout_optimizer
u895,treatment,2025-09-04 14:55:55.566512,IN_desktop,checkout_optimizer
u896,treatment,2025-09-04 14:55:55.566512,US_desktop,checkout_optimizer
u897,control,2025-09-04 14:55:55.566512,IN_desktop,checkout_optimizer
u898,treatment,2025-09-04 14:55:55.566512,IN_desktop,checkout_optimizer
u899,control,2025-09-04 14:55:55.566512,US_mobile,checkout_optimizer
u900,control,2025-09-04 14:55:55.566512,UK_mobile,checkout_optimizer
u901,treatment,2025-09-04 14:55:55.566512,US_mobile,checkout_optimizer
u902,treatment,2025-09-04 14:55:55.566512,IN_desktop,checkout_optimizer
u903,treatment,2025-09-04 14:55:55.566512,US_desktop,checkout_optimizer
u904,treatment,2025-09-04 14:55:55.566512,UK_mobile,checkout_optimizer
u905,control,2025-09-04 14:55:55.566512,US_desktop,checkout_optimizer
u906,treatment,2025-09-04 14:55:55.566512,IN_desktop,checkout_optimizer
u907,treatment,2025-09-04 14:55:55.566512,UK_desktop,checkout_optimizer
u908,control,2025-09-04 14:55:55.566512,IN_desktop,checkout_optimizer
u909,control,2025-09-04 14:55:55.566512,UK_mobile,checkout_optimizer
u910,treatment,2025-09-04 14:55:55.566512,UK_mobile,checkout_optimizer
u911,control,2025-09-04 14:55:55.566512,US_mobile,checkout_optimizer
u912,treatment,2025-09-04 14:55:55.566512,US_desktop,checkout_optimizer
u913,control,2025-09-04 14:55:55.566512,IN_mobile,checkout_optimizer
u914,treatment,2025-09-04 14:55:55.566512,US_mobile,checkout_optimizer
u915,treatment,2025-09-04 14:55:55.566512,US_desktop,checkout_optimizer
u916,treatment,2025-09-04 14:55:55.566512,UK_desktop,checkout_optimizer
u917,treatment,2025-09-04 14:55:55.566512,US_mobile,checkout_optimizer
u918,control,2025-09-04 14:55:55.566512,UK_mobile,checkout_optimizer
u919,treatment,2025-09-04 14:55:55.566512,UK_mobile,checkout_optimizer
u920,control,2025-09-04 14:55:55.566512,UK_mobile,checkout_optimizer
u921,control,2025-09-04 14:55:55.566512,IN_desktop,checkout_optimizer
u922,treatment,2025-09-04 14:55:55.566512,IN_mobile,checkout_optimizer
u923,control,2025-09-04 14:55:55.566512,IN_mobile,checkout_optimizer
u924,control,2025-09-04 14:55:55.566512,UK_desktop,checkout_optimizer
u925,treatment,2025-09-04 14:55:55.566512,IN_mobile,checkout_optimizer
u926,treatment,2025-09-04 14:55:55.566512,IN_desktop,checkout_optimizer
u927,treatment,2025-09-04 14:55:55.566512,US_desktop,checkout_optimizer
u928,treatment,2025-09-04 14:55:55.566512,IN_desktop,checkout_optimizer
u929,control,2025-09-04 14:55:55.566512,IN_mobile,checkout_optimizer
u930,treatment,2025-09-04 14:55:55.566512,UK_mobile,checkout_optimizer
u931,treatment,2025-09-04 14:55:55.566512,UK_desktop,checkout_optimizer
u932,treatment,2025-09-04 14:55:55.566512,UK_mobile,checkout_optimizer
u933,treatment,2025-09-04 14:55:55.566512,UK_mobile,checkout_optimizer
u934,control,2025-09-04 14:55:55.566512,UK_desktop,checkout_optimizer
u935,treatment,2025-09-04 14:55:55.566512,UK_desktop,checkout_optimizer
u936,treatment,2025-09-04 14:55:55.566512,IN_mobile,checkout_optimizer
u937,treatment,2025-09-04 14:55:55.566512,UK_desktop,checkout_optimizer
u938,treatment,2025-09-04 14:55:55.566512,UK_mobile,checkout_optimizer
u939,control,2025-09-04 14:55:55.566512,US_mobile,checkout_optimizer
u940,control,2025-09-04 14:55:55.566512,IN_mobile,checkout_optimizer
u941,treatment,2025-09-04 14:55:55.566512,IN_mobile,checkout_optimizer
u942,treatment,2025-09-04 14:55:55.566512,IN_desktop,checkout_optimizer
u943,control,2025-09-04 14:55:55.566512,UK_desktop,checkout_optimizer
u944,treatment,2025-09-04 14:55:55.566512,UK_desktop,checkout_optimizer
u945,control,2025-09-04 14:55:55.566512,UK_desktop,checkout_optimizer
u946,control,2025-09-04 14:55:55.566512,US_mobile,checkout_optimizer
u947,control,2025-09-04 14:55:55.566512,UK_mobile,checkout_optimizer
u948,control,2025-09-04 14:55:55.566512,US_desktop,checkout_optimizer
u949,control,2025-09-04 14:55:55.566512,IN_mobile,checkout_optimizer
u950,treatment,2025-09-04 14:55:55.566512,UK_mobile,checkout_optimizer
u951,control,2025-09-04 14:55:55.566512,US_mobile,checkout_optimizer
u952,control,2025-09-04 14:55:55.566512,US_desktop,checkout_optimizer
u953,control,2025-09-04 14:55:55.566512,UK_desktop,checkout_optimizer
u954,control,2025-09-04 14:55:55.566512,IN_desktop,checkout_optimizer
u955,control,2025-09-04 14:55:55.566512,IN_mobile,checkout_optimizer
u956,control,2025-09-04 14:55:55.566512,IN_desktop,checkout_optimizer
u957,treatment,2025-09-04 14:55:55.566512,US_desktop,checkout_optimizer
u958,treatment,2025-09-04 14:55:55.566512,US_desktop,checkout_optimizer
u959,treatment,2025-09-04 14:55:55.566512,US_desktop,checkout_optimizer
u960,treatment,2025-09-04 14:55:55.566512,US_desktop,checkout_optimizer
u961,treatment,2025-09-04 14:55:55.566512,IN_desktop,checkout_optimizer
u962,control,2025-09-04 14:55:55.566512,UK_mobile,checkout_optimizer
u963,treatment,2025-09-04 14:55:55.566512,US_mobile,checkout_optimizer
u964,control,2025-09-04 14:55:55.566512,US_desktop,checkout_optimizer
u965,treatment,2025-09-04 14:55:55.566512,IN_desktop,checkout_optimizer
u966,control,2025-09-04 14:55:55.566512,UK_mobile,checkout_optimizer
u967,treatment,2025-09-04 14:55:55.566512,UK_mobile,checkout_optimizer
u968,control,2025-09-04 14:55:55.566512,IN_desktop,checkout_optimizer
u969,treatment,2025-09-04 14:55:55.566512,IN_desktop,checkout_optimizer
u970,treatment,2025-09-04 14:55:55.566512,UK_desktop,checkout_optimizer
u971,control,2025-09-04 14:55:55.566512,US_desktop,checkout_optimizer
u972,control,2025-09-04 14:55:55.566512,UK_mobile,checkout_optimizer
u973,control,2025-09-04 14:55:55.566512,IN_desktop,checkout_optimizer
u974,treatment,2025-09-04 14:55:55.566512,US_desktop,checkout_optimizer
u975,control,2025-09-04 14:55:55.566512,US_desktop,checkout_optimizer
u976,control,2025-09-04 14:55:55.566512,IN_desktop,checkout_optimizer
u977,treatment,2025-09-04 14:55:55.566512,IN_mobile,checkout_optimizer
u978,control,2025-09-04 14:55:55.566512,IN_mobile,checkout_optimizer
u979,treatment,2025-09-04 14:55:55.566512,UK_mobile,checkout_optimizer
u980,control,2025-09-04 14:55:55.566512,UK_desktop,checkout_optimizer
u981,treatment,2025-09-04 14:55:55.566512,US_desktop,checkout_optimizer
u982,control,2025-09-04 14:55:55.566512,IN_mobile,checkout_optimizer
u983,control,2025-09-04 14:55:55.566512,US_desktop,checkout_optimizer
u984,control,2025-09-04 14:55:55.566512,US_desktop,checkout_optimizer
u985,control,2025-09-04 14:55:55.566512,US_mobile,checkout_optimizer
u986,treatment,2025-09-04 14:55:55.566512,US_mobile,checkout_optimizer
u987,control,2025-09-04 14:55:55.566512,IN_mobile,checkout_optimizer
u988,treatment,2025-09-04 14:55:55.566512,US_mobile,checkout_optimizer
u989,control,2025-09-04 14:55:55.566512,IN_desktop,checkout_optimizer
u990,control,2025-09-04 14:55:55.566512,IN_desktop,checkout_optimizer
u991,treatment,2025-09-04 14:55:55.566512,UK_mobile,checkout_optimizer
u992,treatment,2025-09-04 14:55:55.566512,IN_desktop,checkout_optimizer
u993,control,2025-09-04 14:55:55.566512,UK_mobile,checkout_optimizer
u994,treatment,2025-09-04 14:55:55.566512,IN_mobile,checkout_optimizer
u995,control,2025-09-04 14:55:55.566512,IN_desktop,checkout_optimizer
u996,control,2025-09-04 14:55:55.566512,IN_mobile,checkout_optimizer
u997,treatment,2025-09-04 14:55:55.566512,UK_desktop,checkout_optimizer
u998,treatment,2025-09-04 14:55:55.566512,UK_desktop,checkout_optimizer
u999,control,2025-09-04 14:55:55.566512,US_desktop,checkout_optimizer
