session_id,user_id,variant,session_day
u0_s0,u0,control,7
u1_s0,u1,treatment,5
u1_s1,u1,treatment,4
u2_s0,u2,control,4
u2_s1,u2,control,4
u2_s2,u2,control,4
u3_s0,u3,control,6
u3_s1,u3,control,5
u4_s0,u4,control,5
u5_s0,u5,treatment,2
u6_s0,u6,control,6
u6_s1,u6,control,1
u6_s2,u6,control,2
u7_s0,u7,control,4
u7_s1,u7,control,3
u8_s0,u8,control,4
u9_s0,u9,treatment,6
u9_s1,u9,treatment,4
u9_s2,u9,treatment,6
u10_s0,u10,treatment,5
u10_s1,u10,treatment,4
u11_s0,u11,treatment,4
u11_s1,u11,treatment,1
u11_s2,u11,treatment,3
u12_s0,u12,treatment,4
u13_s0,u13,control,2
u13_s1,u13,control,7
u14_s0,u14,treatment,6
u14_s1,u14,treatment,1
u15_s0,u15,control,5
u15_s1,u15,control,4
u16_s0,u16,control,2
u17_s0,u17,treatment,2
u17_s1,u17,treatment,7
u18_s0,u18,control,6
u18_s1,u18,control,6
u19_s0,u19,treatment,4
u20_s0,u20,treatment,4
u20_s1,u20,treatment,7
u20_s2,u20,treatment,7
u21_s0,u21,treatment,6
u22_s0,u22,control,2
u22_s1,u22,control,5
u23_s0,u23,control,3
u23_s1,u23,control,4
u24_s0,u24,treatment,5
u24_s1,u24,treatment,5
u25_s0,u25,treatment,1
u25_s1,u25,treatment,1
u26_s0,u26,control,1
u27_s0,u27,control,4
u28_s0,u28,control,6
u28_s1,u28,control,4
u28_s2,u28,control,3
u29_s0,u29,treatment,4
u30_s0,u30,control,2
u30_s1,u30,control,4
u31_s0,u31,control,7
u32_s0,u32,control,7
u32_s1,u32,control,4
u33_s0,u33,treatment,4
u33_s1,u33,treatment,5
u34_s0,u34,treatment,5
u34_s1,u34,treatment,1
u34_s2,u34,treatment,6
u35_s0,u35,treatment,6
u36_s0,u36,control,2
u36_s1,u36,control,6
u37_s0,u37,control,4
u37_s1,u37,control,2
u38_s0,u38,treatment,2
u39_s0,u39,control,3
u39_s1,u39,control,5
u39_s2,u39,control,1
u40_s0,u40,control,3
u40_s1,u40,control,7
u41_s0,u41,treatment,3
u41_s1,u41,treatment,7
u41_s2,u41,treatment,2
u42_s0,u42,treatment,6
u43_s0,u43,treatment,6
u43_s1,u43,treatment,4
u43_s2,u43,treatment,6
u44_s0,u44,control,4
u45_s0,u45,control,3
u46_s0,u46,control,5
u46_s1,u46,control,3
u46_s2,u46,control,5
u47_s0,u47,treatment,5
u48_s0,u48,treatment,7
u49_s0,u49,control,6
u49_s1,u49,control,1
u50_s0,u50,treatment,2
u50_s1,u50,treatment,4
u51_s0,u51,control,3
u51_s1,u51,control,6
u51_s2,u51,control,1
u52_s0,u52,treatment,6
u53_s0,u53,control,7
u53_s1,u53,control,4
u54_s0,u54,treatment,2
u54_s1,u54,treatment,4
u54_s2,u54,treatment,4
u55_s0,u55,control,1
u55_s1,u55,control,6
u55_s2,u55,control,2
u56_s0,u56,control,7
u56_s1,u56,control,7
u56_s2,u56,control,5
u57_s0,u57,treatment,3
u57_s1,u57,treatment,2
u58_s0,u58,treatment,6
u58_s1,u58,treatment,3
u59_s0,u59,control,1
u60_s0,u60,control,5
u60_s1,u60,control,4
u61_s0,u61,control,6
u61_s1,u61,control,7
u62_s0,u62,treatment,4
u62_s1,u62,treatment,2
u63_s0,u63,control,4
u63_s1,u63,control,7
u64_s0,u64,control,3
u64_s1,u64,control,7
u64_s2,u64,control,3
u65_s0,u65,treatment,6
u66_s0,u66,treatment,1
u66_s1,u66,treatment,4
u66_s2,u66,treatment,5
u67_s0,u67,treatment,2
u67_s1,u67,treatment,1
u68_s0,u68,treatment,1
u68_s1,u68,treatment,3
u69_s0,u69,treatment,7
u69_s1,u69,treatment,6
u69_s2,u69,treatment,3
u70_s0,u70,control,3
u71_s0,u71,control,3
u72_s0,u72,control,4
u72_s1,u72,control,6
u72_s2,u72,control,2
u73_s0,u73,control,6
u74_s0,u74,treatment,3
u74_s1,u74,treatment,4
u75_s0,u75,treatment,1
u75_s1,u75,treatment,7
u76_s0,u76,control,4
u76_s1,u76,control,5
u77_s0,u77,treatment,1
u78_s0,u78,treatment,5
u79_s0,u79,control,7
u79_s1,u79,control,6
u80_s0,u80,control,2
u81_s0,u81,control,1
u81_s1,u81,control,2
u82_s0,u82,control,2
u82_s1,u82,control,3
u82_s2,u82,control,2
u83_s0,u83,treatment,2
u83_s1,u83,treatment,4
u84_s0,u84,treatment,5
u84_s1,u84,treatment,3
u84_s2,u84,treatment,6
u85_s0,u85,treatment,7
u85_s1,u85,treatment,5
u86_s0,u86,treatment,2
u86_s1,u86,treatment,1
u87_s0,u87,control,7
u88_s0,u88,control,2
u89_s0,u89,treatment,4
u89_s1,u89,treatment,7
u90_s0,u90,control,5
u90_s1,u90,control,4
u91_s0,u91,control,7
u91_s1,u91,control,4
u91_s2,u91,control,5
u92_s0,u92,treatment,1
u92_s1,u92,treatment,2
u92_s2,u92,treatment,5
u93_s0,u93,control,7
u94_s0,u94,control,7
u94_s1,u94,control,3
u95_s0,u95,control,6
u95_s1,u95,control,6
u96_s0,u96,treatment,1
u96_s1,u96,treatment,5
u96_s2,u96,treatment,4
u97_s0,u97,control,7
u97_s1,u97,control,6
u97_s2,u97,control,6
u98_s0,u98,control,2
u99_s0,u99,control,2
u99_s1,u99,control,6
u99_s2,u99,control,5
u100_s0,u100,treatment,2
u100_s1,u100,treatment,1
u101_s0,u101,control,6
u102_s0,u102,control,6
u102_s1,u102,control,7
u103_s0,u103,treatment,6
u103_s1,u103,treatment,5
u103_s2,u103,treatment,2
u104_s0,u104,treatment,6
u104_s1,u104,treatment,2
u104_s2,u104,treatment,7
u105_s0,u105,treatment,2
u106_s0,u106,control,2
u107_s0,u107,control,6
u107_s1,u107,control,7
u107_s2,u107,control,4
u108_s0,u108,control,7
u108_s1,u108,control,7
u109_s0,u109,treatment,5
u109_s1,u109,treatment,2
u109_s2,u109,treatment,4
u110_s0,u110,treatment,1
u111_s0,u111,control,6
u111_s1,u111,control,5
u111_s2,u111,control,4
u112_s0,u112,treatment,6
u112_s1,u112,treatment,6
u113_s0,u113,treatment,2
u113_s1,u113,treatment,2
u113_s2,u113,treatment,6
u114_s0,u114,treatment,1
u114_s1,u114,treatment,6
u114_s2,u114,treatment,5
u115_s0,u115,control,4
u115_s1,u115,control,7
u115_s2,u115,control,1
u116_s0,u116,treatment,7
u116_s1,u116,treatment,2
u117_s0,u117,treatment,4
u118_s0,u118,control,2
u119_s0,u119,treatment,7
u119_s1,u119,treatment,4
u120_s0,u120,treatment,5
u120_s1,u120,treatment,7
u120_s2,u120,treatment,1
u121_s0,u121,treatment,6
u121_s1,u121,treatment,2
u121_s2,u121,treatment,1
u122_s0,u122,treatment,2
u122_s1,u122,treatment,4
u123_s0,u123,treatment,2
u123_s1,u123,treatment,6
u123_s2,u123,treatment,1
u124_s0,u124,treatment,6
u124_s1,u124,treatment,1
u124_s2,u124,treatment,6
u125_s0,u125,treatment,6
u125_s1,u125,treatment,7
u125_s2,u125,treatment,4
u126_s0,u126,treatment,2
u127_s0,u127,control,3
u127_s1,u127,control,7
u127_s2,u127,control,2
u128_s0,u128,control,6
u128_s1,u128,control,7
u129_s0,u129,treatment,5
u129_s1,u129,treatment,2
u130_s0,u130,control,5
u130_s1,u130,control,3
u131_s0,u131,control,1
u131_s1,u131,control,4
u131_s2,u131,control,7
u132_s0,u132,control,3
u132_s1,u132,control,6
u133_s0,u133,treatment,2
u133_s1,u133,treatment,3
u134_s0,u134,control,4
u135_s0,u135,treatment,1
u135_s1,u135,treatment,6
u136_s0,u136,control,4
u136_s1,u136,control,1
u136_s2,u136,control,6
u137_s0,u137,control,2
u137_s1,u137,control,2
u138_s0,u138,treatment,3
u138_s1,u138,treatment,1
u139_s0,u139,treatment,1
u140_s0,u140,treatment,6
u140_s1,u140,treatment,5
u140_s2,u140,treatment,5
u141_s0,u141,control,7
u141_s1,u141,control,1
u141_s2,u141,control,1
u142_s0,u142,treatment,1
u143_s0,u143,control,7
u144_s0,u144,control,6
u145_s0,u145,treatment,7
u145_s1,u145,treatment,4
u145_s2,u145,treatment,5
u146_s0,u146,control,1
u146_s1,u146,control,3
u147_s0,u147,treatment,5
u147_s1,u147,treatment,7
u147_s2,u147,treatment,6
u148_s0,u148,control,3
u148_s1,u148,control,7
u148_s2,u148,control,2
u149_s0,u149,treatment,5
u150_s0,u150,control,5
u150_s1,u150,control,3
u151_s0,u151,treatment,3
u151_s1,u151,treatment,6
u152_s0,u152,treatment,1
u152_s1,u152,treatment,3
u152_s2,u152,treatment,1
u153_s0,u153,control,1
u153_s1,u153,control,1
u153_s2,u153,control,4
u154_s0,u154,treatment,6
u154_s1,u154,treatment,4
u154_s2,u154,treatment,7
u155_s0,u155,treatment,7
u156_s0,u156,treatment,2
u156_s1,u156,treatment,2
u157_s0,u157,control,7
u158_s0,u158,treatment,5
u158_s1,u158,treatment,1
u159_s0,u159,treatment,1
u160_s0,u160,treatment,5
u160_s1,u160,treatment,5
u160_s2,u160,treatment,7
u161_s0,u161,control,5
u161_s1,u161,control,6
u162_s0,u162,treatment,4
u163_s0,u163,treatment,6
u163_s1,u163,treatment,4
u164_s0,u164,control,3
u165_s0,u165,treatment,6
u165_s1,u165,treatment,3
u165_s2,u165,treatment,1
u166_s0,u166,treatment,7
u167_s0,u167,control,4
u167_s1,u167,control,5
u168_s0,u168,control,7
u169_s0,u169,control,5
u169_s1,u169,control,6
u170_s0,u170,control,1
u170_s1,u170,control,1
u171_s0,u171,treatment,3
u172_s0,u172,control,6
u172_s1,u172,control,6
u173_s0,u173,control,2
u174_s0,u174,treatment,4
u174_s1,u174,treatment,5
u175_s0,u175,treatment,4
u176_s0,u176,control,2
u176_s1,u176,control,4
u176_s2,u176,control,3
u177_s0,u177,treatment,4
u177_s1,u177,treatment,6
u178_s0,u178,treatment,5
u178_s1,u178,treatment,6
u178_s2,u178,treatment,4
u179_s0,u179,treatment,3
u179_s1,u179,treatment,6
u179_s2,u179,treatment,7
u180_s0,u180,treatment,1
u180_s1,u180,treatment,6
u180_s2,u180,treatment,5
u181_s0,u181,treatment,7
u182_s0,u182,control,6
u182_s1,u182,control,3
u182_s2,u182,control,6
u183_s0,u183,treatment,2
u183_s1,u183,treatment,3
u183_s2,u183,treatment,5
u184_s0,u184,control,2
u184_s1,u184,control,4
u185_s0,u185,treatment,7
u185_s1,u185,treatment,6
u186_s0,u186,treatment,2
u186_s1,u186,treatment,2
u186_s2,u186,treatment,6
u187_s0,u187,treatment,1
u187_s1,u187,treatment,4
u188_s0,u188,treatment,1
u188_s1,u188,treatment,3
u188_s2,u188,treatment,7
u189_s0,u189,treatment,7
u190_s0,u190,treatment,3
u191_s0,u191,treatment,2
u191_s1,u191,treatment,2
u192_s0,u192,control,6
u193_s0,u193,control,2
u193_s1,u193,control,2
u194_s0,u194,control,5
u194_s1,u194,control,5
u195_s0,u195,treatment,7
u196_s0,u196,control,1
u197_s0,u197,control,5
u197_s1,u197,control,7
u197_s2,u197,control,4
u198_s0,u198,treatment,5
u198_s1,u198,treatment,2
u198_s2,u198,treatment,1
u199_s0,u199,control,1
u199_s1,u199,control,3
u200_s0,u200,treatment,6
u201_s0,u201,control,3
u201_s1,u201,control,5
u201_s2,u201,control,2
u202_s0,u202,control,7
u202_s1,u202,control,4
u203_s0,u203,control,3
u204_s0,u204,treatment,2
u205_s0,u205,control,5
u205_s1,u205,control,3
u206_s0,u206,control,2
u206_s1,u206,control,3
u206_s2,u206,control,6
u207_s0,u207,treatment,7
u207_s1,u207,treatment,3
u207_s2,u207,treatment,5
u208_s0,u208,treatment,6
u208_s1,u208,treatment,2
u208_s2,u208,treatment,5
u209_s0,u209,control,1
u209_s1,u209,control,3
u209_s2,u209,control,6
u210_s0,u210,treatment,6
u210_s1,u210,treatment,1
u211_s0,u211,control,2
u212_s0,u212,treatment,4
u212_s1,u212,treatment,3
u213_s0,u213,control,7
u213_s1,u213,control,1
u213_s2,u213,control,2
u214_s0,u214,treatment,6
u214_s1,u214,treatment,6
u215_s0,u215,control,4
u215_s1,u215,control,1
u215_s2,u215,control,1
u216_s0,u216,control,3
u216_s1,u216,control,2
u217_s0,u217,control,5
u218_s0,u218,control,6
u218_s1,u218,control,6
u218_s2,u218,control,3
u219_s0,u219,treatment,7
u220_s0,u220,control,1
u221_s0,u221,control,7
u222_s0,u222,treatment,6
u222_s1,u222,treatment,6
u223_s0,u223,control,5
u223_s1,u223,control,1
u223_s2,u223,control,3
u224_s0,u224,treatment,6
u224_s1,u224,treatment,1
u224_s2,u224,treatment,1
u225_s0,u225,control,2
u225_s1,u225,control,3
u226_s0,u226,control,7
u227_s0,u227,treatment,6
u227_s1,u227,treatment,1
u227_s2,u227,treatment,7
u228_s0,u228,control,4
u228_s1,u228,control,1
u228_s2,u228,control,2
u229_s0,u229,treatment,7
u229_s1,u229,treatment,3
u229_s2,u229,treatment,5
u230_s0,u230,control,4
u231_s0,u231,treatment,6
u231_s1,u231,treatment,4
u232_s0,u232,treatment,7
u232_s1,u232,treatment,5
u233_s0,u233,control,7
u233_s1,u233,control,1
u234_s0,u234,treatment,3
u234_s1,u234,treatment,5
u234_s2,u234,treatment,7
u235_s0,u235,control,2
u236_s0,u236,treatment,7
u236_s1,u236,treatment,5
u236_s2,u236,treatment,5
u237_s0,u237,control,5
u238_s0,u238,treatment,1
u239_s0,u239,treatment,3
u239_s1,u239,treatment,5
u239_s2,u239,treatment,5
u240_s0,u240,treatment,4
u240_s1,u240,treatment,7
u240_s2,u240,treatment,2
u241_s0,u241,control,3
u241_s1,u241,control,7
u242_s0,u242,control,2
u242_s1,u242,control,5
u243_s0,u243,treatment,6
u243_s1,u243,treatment,3
u244_s0,u244,control,3
u244_s1,u244,control,2
u245_s0,u245,treatment,2
u245_s1,u245,treatment,7
u246_s0,u246,control,7
u247_s0,u247,treatment,3
u247_s1,u247,treatment,6
u248_s0,u248,control,2
u249_s0,u249,control,7
u249_s1,u249,control,6
u250_s0,u250,treatment,1
u251_s0,u251,control,4
u252_s0,u252,control,7
u252_s1,u252,control,7
u253_s0,u253,control,5
u253_s1,u253,control,7
u253_s2,u253,control,3
u254_s0,u254,control,3
u255_s0,u255,treatment,4
u255_s1,u255,treatment,3
u255_s2,u255,treatment,3
u256_s0,u256,control,3
u256_s1,u256,control,1
u257_s0,u257,treatment,4
u257_s1,u257,treatment,1
u258_s0,u258,treatment,4
u258_s1,u258,treatment,6
u259_s0,u259,control,7
u259_s1,u259,control,2
u260_s0,u260,control,6
u260_s1,u260,control,6
u260_s2,u260,control,7
u261_s0,u261,treatment,5
u261_s1,u261,treatment,6
u262_s0,u262,control,6
u262_s1,u262,control,4
u263_s0,u263,treatment,6
u263_s1,u263,treatment,7
u263_s2,u263,treatment,2
u264_s0,u264,treatment,3
u264_s1,u264,treatment,7
u264_s2,u264,treatment,5
u265_s0,u265,treatment,5
u266_s0,u266,treatment,1
u267_s0,u267,control,5
u267_s1,u267,control,4
u268_s0,u268,control,5
u268_s1,u268,control,2
u269_s0,u269,control,4
u270_s0,u270,treatment,1
u270_s1,u270,treatment,2
u270_s2,u270,treatment,3
u271_s0,u271,control,1
u272_s0,u272,treatment,5
u273_s0,u273,control,7
u273_s1,u273,control,5
u274_s0,u274,treatment,2
u275_s0,u275,control,3
u276_s0,u276,control,1
u276_s1,u276,control,2
u276_s2,u276,control,2
u277_s0,u277,control,1
u277_s1,u277,control,7
u277_s2,u277,control,7
u278_s0,u278,treatment,4
u279_s0,u279,treatment,7
u279_s1,u279,treatment,2
u279_s2,u279,treatment,3
u280_s0,u280,treatment,1
u280_s1,u280,treatment,7
u280_s2,u280,treatment,1
u281_s0,u281,control,2
u281_s1,u281,control,3
u281_s2,u281,control,3
u282_s0,u282,treatment,6
u282_s1,u282,treatment,7
u282_s2,u282,treatment,3
u283_s0,u283,treatment,2
u283_s1,u283,treatment,6
u284_s0,u284,treatment,6
u284_s1,u284,treatment,6
u285_s0,u285,treatment,3
u286_s0,u286,control,1
u286_s1,u286,control,6
u286_s2,u286,control,1
u287_s0,u287,control,1
u287_s1,u287,control,1
u288_s0,u288,control,2
u288_s1,u288,control,6
u289_s0,u289,treatment,3
u289_s1,u289,treatment,3
u290_s0,u290,control,3
u290_s1,u290,control,6
u290_s2,u290,control,6
u291_s0,u291,control,1
u291_s1,u291,control,5
u292_s0,u292,treatment,6
u292_s1,u292,treatment,2
u292_s2,u292,treatment,5
u293_s0,u293,treatment,4
u293_s1,u293,treatment,6
u294_s0,u294,control,1
u294_s1,u294,control,6
u295_s0,u295,treatment,3
u295_s1,u295,treatment,2
u296_s0,u296,treatment,3
u296_s1,u296,treatment,1
u296_s2,u296,treatment,3
u297_s0,u297,control,2
u298_s0,u298,control,5
u299_s0,u299,treatment,4
u300_s0,u300,treatment,1
u300_s1,u300,treatment,4
u301_s0,u301,treatment,5
u301_s1,u301,treatment,3
u302_s0,u302,control,3
u302_s1,u302,control,1
u302_s2,u302,control,7
u303_s0,u303,treatment,3
u304_s0,u304,treatment,3
u305_s0,u305,control,4
u305_s1,u305,control,5
u305_s2,u305,control,4
u306_s0,u306,treatment,6
u306_s1,u306,treatment,6
u307_s0,u307,control,2
u307_s1,u307,control,2
u307_s2,u307,control,7
u308_s0,u308,treatment,6
u309_s0,u309,control,3
u309_s1,u309,control,4
u310_s0,u310,control,3
u310_s1,u310,control,5
u311_s0,u311,treatment,5
u311_s1,u311,treatment,7
u311_s2,u311,treatment,1
u312_s0,u312,control,3
u313_s0,u313,treatment,4
u314_s0,u314,treatment,2
u314_s1,u314,treatment,3
u314_s2,u314,treatment,4
u315_s0,u315,treatment,7
u315_s1,u315,treatment,2
u316_s0,u316,control,6
u316_s1,u316,control,1
u317_s0,u317,treatment,2
u317_s1,u317,treatment,3
u317_s2,u317,treatment,7
u318_s0,u318,control,5
u318_s1,u318,control,4
u319_s0,u319,treatment,1
u319_s1,u319,treatment,3
u320_s0,u320,control,3
u320_s1,u320,control,1
u321_s0,u321,control,6
u321_s1,u321,control,5
u322_s0,u322,control,6
u322_s1,u322,control,3
u322_s2,u322,control,6
u323_s0,u323,control,4
u324_s0,u324,treatment,3
u325_s0,u325,treatment,7
u326_s0,u326,control,4
u326_s1,u326,control,2
u326_s2,u326,control,6
u327_s0,u327,control,3
u327_s1,u327,control,7
u328_s0,u328,treatment,2
u328_s1,u328,treatment,7
u329_s0,u329,treatment,6
u329_s1,u329,treatment,3
u329_s2,u329,treatment,2
u330_s0,u330,treatment,5
u331_s0,u331,treatment,4
u331_s1,u331,treatment,4
u332_s0,u332,control,1
u333_s0,u333,control,5
u333_s1,u333,control,1
u333_s2,u333,control,7
u334_s0,u334,treatment,5
u335_s0,u335,control,5
u335_s1,u335,control,6
u336_s0,u336,control,7
u337_s0,u337,control,5
u337_s1,u337,control,1
u338_s0,u338,treatment,2
u338_s1,u338,treatment,3
u339_s0,u339,control,1
u340_s0,u340,control,3
u341_s0,u341,treatment,6
u342_s0,u342,treatment,2
u342_s1,u342,treatment,7
u343_s0,u343,treatment,6
u343_s1,u343,treatment,6
u343_s2,u343,treatment,1
u344_s0,u344,control,5
u344_s1,u344,control,1
u344_s2,u344,control,4
u345_s0,u345,control,7
u345_s1,u345,control,4
u346_s0,u346,control,3
u346_s1,u346,control,1
u347_s0,u347,treatment,7
u348_s0,u348,control,6
u348_s1,u348,control,4
u348_s2,u348,control,7
u349_s0,u349,control,2
u349_s1,u349,control,7
u349_s2,u349,control,3
u350_s0,u350,control,1
u350_s1,u350,control,1
u351_s0,u351,treatment,4
u351_s1,u351,treatment,5
u352_s0,u352,treatment,2
u352_s1,u352,treatment,7
u353_s0,u353,treatment,6
u354_s0,u354,treatment,2
u354_s1,u354,treatment,1
u355_s0,u355,treatment,1
u356_s0,u356,treatment,2
u357_s0,u357,control,5
u357_s1,u357,control,6
u358_s0,u358,control,7
u358_s1,u358,control,1
u359_s0,u359,control,3
u359_s1,u359,control,1
u360_s0,u360,treatment,5
u360_s1,u360,treatment,3
u360_s2,u360,treatment,1
u361_s0,u361,treatment,5
u361_s1,u361,treatment,2
u362_s0,u362,treatment,6
u362_s1,u362,treatment,4
u362_s2,u362,treatment,2
u363_s0,u363,control,5
u363_s1,u363,control,4
u364_s0,u364,control,2
u365_s0,u365,control,7
u365_s1,u365,control,1
u366_s0,u366,treatment,2
u366_s1,u366,treatment,1
u366_s2,u366,treatment,2
u367_s0,u367,treatment,5
u367_s1,u367,treatment,2
u367_s2,u367,treatment,3
u368_s0,u368,control,2
u369_s0,u369,treatment,2
u369_s1,u369,treatment,5
u369_s2,u369,treatment,5
u370_s0,u370,control,4
u370_s1,u370,control,5
u370_s2,u370,control,2
u371_s0,u371,treatment,1
u371_s1,u371,treatment,5
u371_s2,u371,treatment,2
u372_s0,u372,control,3
u373_s0,u373,treatment,7
u373_s1,u373,treatment,6
u373_s2,u373,treatment,7
u374_s0,u374,control,3
u374_s1,u374,control,2
u375_s0,u375,control,7
u375_s1,u375,control,6
u375_s2,u375,control,2
u376_s0,u376,control,2
u376_s1,u376,control,4
u377_s0,u377,control,7
u377_s1,u377,control,4
u377_s2,u377,control,1
u378_s0,u378,treatment,5
u378_s1,u378,treatment,5
u378_s2,u378,treatment,2
u379_s0,u379,treatment,7
u379_s1,u379,treatment,1
u380_s0,u380,control,7
u381_s0,u381,control,4
u381_s1,u381,control,7
u382_s0,u382,control,7
u382_s1,u382,control,5
u382_s2,u382,control,3
u383_s0,u383,treatment,3
u383_s1,u383,treatment,3
u384_s0,u384,treatment,1
u384_s1,u384,treatment,2
u385_s0,u385,treatment,5
u385_s1,u385,treatment,7
u386_s0,u386,control,2
u386_s1,u386,control,6
u386_s2,u386,control,5
u387_s0,u387,treatment,6
u387_s1,u387,treatment,7
u387_s2,u387,treatment,6
u388_s0,u388,control,1
u388_s1,u388,control,5
u388_s2,u388,control,5
u389_s0,u389,control,7
u389_s1,u389,control,7
u390_s0,u390,treatment,5
u391_s0,u391,control,5
u391_s1,u391,control,2
u391_s2,u391,control,7
u392_s0,u392,control,3
u392_s1,u392,control,5
u393_s0,u393,control,5
u394_s0,u394,control,5
u394_s1,u394,control,6
u395_s0,u395,treatment,4
u395_s1,u395,treatment,6
u396_s0,u396,treatment,4
u396_s1,u396,treatment,4
u397_s0,u397,treatment,2
u397_s1,u397,treatment,1
u397_s2,u397,treatment,4
u398_s0,u398,treatment,1
u398_s1,u398,treatment,3
u398_s2,u398,treatment,2
u399_s0,u399,control,2
u399_s1,u399,control,3
u399_s2,u399,control,6
u400_s0,u400,control,6
u401_s0,u401,treatment,2
u401_s1,u401,treatment,7
u401_s2,u401,treatment,1
u402_s0,u402,control,4
u403_s0,u403,control,6
u404_s0,u404,control,7
u404_s1,u404,control,4
u405_s0,u405,control,5
u405_s1,u405,control,1
u406_s0,u406,treatment,7
u407_s0,u407,treatment,4
u408_s0,u408,control,2
u408_s1,u408,control,7
u408_s2,u408,control,1
u409_s0,u409,treatment,5
u409_s1,u409,treatment,5
u410_s0,u410,treatment,5
u410_s1,u410,treatment,4
u411_s0,u411,treatment,3
u411_s1,u411,treatment,2
u412_s0,u412,control,6
u412_s1,u412,control,1
u413_s0,u413,control,2
u414_s0,u414,treatment,3
u414_s1,u414,treatment,1
u414_s2,u414,treatment,2
u415_s0,u415,treatment,6
u415_s1,u415,treatment,3
u415_s2,u415,treatment,6
u416_s0,u416,control,6
u416_s1,u416,control,5
u417_s0,u417,treatment,1
u418_s0,u418,treatment,4
u418_s1,u418,treatment,7
u418_s2,u418,treatment,2
u419_s0,u419,treatment,4
u420_s0,u420,control,5
u420_s1,u420,control,2
u421_s0,u421,control,1
u421_s1,u421,control,5
u421_s2,u421,control,4
u422_s0,u422,control,1
u422_s1,u422,control,2
u422_s2,u422,control,3
u423_s0,u423,treatment,3
u423_s1,u423,treatment,7
u423_s2,u423,treatment,3
u424_s0,u424,treatment,1
u425_s0,u425,treatment,4
u426_s0,u426,control,6
u426_s1,u426,control,4
u426_s2,u426,control,4
u427_s0,u427,control,2
u427_s1,u427,control,7
u428_s0,u428,treatment,5
u429_s0,u429,control,6
u429_s1,u429,control,7
u429_s2,u429,control,2
u430_s0,u430,control,3
u430_s1,u430,control,5
u430_s2,u430,control,7
u431_s0,u431,treatment,3
u431_s1,u431,treatment,7
u431_s2,u431,treatment,1
u432_s0,u432,treatment,3
u433_s0,u433,treatment,3
u433_s1,u433,treatment,6
u434_s0,u434,control,1
u435_s0,u435,control,2
u435_s1,u435,control,6
u435_s2,u435,control,5
u436_s0,u436,treatment,6
u437_s0,u437,treatment,1
u438_s0,u438,control,2
u438_s1,u438,control,2
u439_s0,u439,control,6
u440_s0,u440,treatment,6
u440_s1,u440,treatment,5
u441_s0,u441,treatment,1
u442_s0,u442,treatment,5
u442_s1,u442,treatment,2
u443_s0,u443,treatment,7
u443_s1,u443,treatment,3
u444_s0,u444,control,7
u444_s1,u444,control,2
u445_s0,u445,control,1
u445_s1,u445,control,3
u445_s2,u445,control,4
u446_s0,u446,treatment,3
u446_s1,u446,treatment,4
u447_s0,u447,control,4
u448_s0,u448,treatment,6
u449_s0,u449,control,1
u450_s0,u450,control,5
u451_s0,u451,control,5
u451_s1,u451,control,6
u452_s0,u452,control,4
u452_s1,u452,control,2
u452_s2,u452,control,7
u453_s0,u453,treatment,7
u454_s0,u454,treatment,6
u455_s0,u455,control,7
u456_s0,u456,treatment,1
u456_s1,u456,treatment,4
u456_s2,u456,treatment,4
u457_s0,u457,treatment,3
u458_s0,u458,control,3
u459_s0,u459,treatment,2
u459_s1,u459,treatment,6
u459_s2,u459,treatment,1
u460_s0,u460,control,1
u461_s0,u461,control,6
u461_s1,u461,control,1
u461_s2,u461,control,2
u462_s0,u462,control,5
u463_s0,u463,treatment,5
u463_s1,u463,treatment,6
u463_s2,u463,treatment,3
u464_s0,u464,treatment,1
u464_s1,u464,treatment,1
u464_s2,u464,treatment,1
u465_s0,u465,treatment,4
u465_s1,u465,treatment,3
u465_s2,u465,treatment,6
u466_s0,u466,control,4
u466_s1,u466,control,2
u467_s0,u467,control,5
u467_s1,u467,control,3
u468_s0,u468,control,7
u468_s1,u468,control,7
u468_s2,u468,control,4
u469_s0,u469,treatment,3
u470_s0,u470,treatment,2
u470_s1,u470,treatment,3
u471_s0,u471,control,3
u471_s1,u471,control,7
u471_s2,u471,control,1
u472_s0,u472,control,5
u472_s1,u472,control,3
u472_s2,u472,control,4
u473_s0,u473,treatment,1
u473_s1,u473,treatment,4
u473_s2,u473,treatment,7
u474_s0,u474,treatment,6
u475_s0,u475,control,3
u476_s0,u476,control,3
u476_s1,u476,control,6
u476_s2,u476,control,4
u477_s0,u477,control,6
u477_s1,u477,control,7
u477_s2,u477,control,2
u478_s0,u478,treatment,6
u478_s1,u478,treatment,4
u478_s2,u478,treatment,5
u479_s0,u479,control,5
u479_s1,u479,control,4
u480_s0,u480,treatment,2
u480_s1,u480,treatment,2
u480_s2,u480,treatment,3
u481_s0,u481,treatment,3
u481_s1,u481,treatment,7
u481_s2,u481,treatment,7
u482_s0,u482,control,7
u482_s1,u482,control,4
u483_s0,u483,control,1
u484_s0,u484,treatment,2
u485_s0,u485,control,1
u485_s1,u485,control,7
u485_s2,u485,control,6
u486_s0,u486,control,4
u487_s0,u487,treatment,1
u487_s1,u487,treatment,6
u487_s2,u487,treatment,2
u488_s0,u488,treatment,6
u488_s1,u488,treatment,1
u489_s0,u489,treatment,7
u489_s1,u489,treatment,4
u490_s0,u490,treatment,6
u490_s1,u490,treatment,6
u490_s2,u490,treatment,1
u491_s0,u491,treatment,6
u491_s1,u491,treatment,3
u492_s0,u492,treatment,1
u492_s1,u492,treatment,4
u492_s2,u492,treatment,7
u493_s0,u493,treatment,5
u493_s1,u493,treatment,5
u494_s0,u494,treatment,4
u494_s1,u494,treatment,7
u494_s2,u494,treatment,7
u495_s0,u495,control,4
u496_s0,u496,treatment,7
u497_s0,u497,treatment,4
u497_s1,u497,treatment,3
u498_s0,u498,control,4
u499_s0,u499,control,5
u499_s1,u499,control,1
u500_s0,u500,control,7
u500_s1,u500,control,3
u500_s2,u500,control,7
u501_s0,u501,treatment,5
u502_s0,u502,control,6
u503_s0,u503,control,6
u503_s1,u503,control,7
u504_s0,u504,control,6
u504_s1,u504,control,7
u504_s2,u504,control,5
u505_s0,u505,treatment,4
u505_s1,u505,treatment,4
u505_s2,u505,treatment,3
u506_s0,u506,treatment,2
u507_s0,u507,control,7
u507_s1,u507,control,1
u507_s2,u507,control,6
u508_s0,u508,treatment,3
u509_s0,u509,treatment,4
u510_s0,u510,treatment,1
u511_s0,u511,treatment,1
u511_s1,u511,treatment,5
u511_s2,u511,treatment,7
u512_s0,u512,treatment,3
u513_s0,u513,control,4
u513_s1,u513,control,5
u513_s2,u513,control,5
u514_s0,u514,control,4
u515_s0,u515,treatment,5
u516_s0,u516,control,5
u516_s1,u516,control,1
u516_s2,u516,control,6
u517_s0,u517,control,1
u517_s1,u517,control,7
u518_s0,u518,control,7
u519_s0,u519,control,5
u519_s1,u519,control,5
u520_s0,u520,treatment,5
u520_s1,u520,treatment,2
u520_s2,u520,treatment,2
u521_s0,u521,control,4
u522_s0,u522,control,4
u522_s1,u522,control,1
u522_s2,u522,control,7
u523_s0,u523,treatment,4
u524_s0,u524,treatment,3
u525_s0,u525,control,3
u526_s0,u526,treatment,4
u526_s1,u526,treatment,2
u526_s2,u526,treatment,4
u527_s0,u527,control,2
u527_s1,u527,control,4
u527_s2,u527,control,4
u528_s0,u528,treatment,6
u528_s1,u528,treatment,6
u528_s2,u528,treatment,5
u529_s0,u529,treatment,2
u529_s1,u529,treatment,1
u530_s0,u530,control,7
u531_s0,u531,control,7
u531_s1,u531,control,3
u531_s2,u531,control,7
u532_s0,u532,treatment,5
u532_s1,u532,treatment,6
u533_s0,u533,control,6
u533_s1,u533,control,5
u534_s0,u534,control,2
u534_s1,u534,control,1
u534_s2,u534,control,4
u535_s0,u535,control,1
u535_s1,u535,control,1
u536_s0,u536,control,4
u537_s0,u537,treatment,3
u537_s1,u537,treatment,2
u538_s0,u538,control,5
u538_s1,u538,control,6
u538_s2,u538,control,2
u539_s0,u539,treatment,5
u540_s0,u540,control,4
u541_s0,u541,control,1
u542_s0,u542,control,1
u542_s1,u542,control,5
u542_s2,u542,control,4
u543_s0,u543,control,5
u544_s0,u544,control,4
u544_s1,u544,control,5
u545_s0,u545,control,5
u545_s1,u545,control,2
u546_s0,u546,control,2
u547_s0,u547,treatment,6
u547_s1,u547,treatment,3
u547_s2,u547,treatment,1
u548_s0,u548,control,1
u549_s0,u549,control,3
u550_s0,u550,treatment,6
u550_s1,u550,treatment,1
u550_s2,u550,treatment,7
u551_s0,u551,treatment,4
u551_s1,u551,treatment,4
u551_s2,u551,treatment,5
u552_s0,u552,control,4
u553_s0,u553,control,6
u553_s1,u553,control,5
u554_s0,u554,control,2
u555_s0,u555,control,1
u556_s0,u556,control,4
u556_s1,u556,control,1
u557_s0,u557,control,5
u557_s1,u557,control,3
u558_s0,u558,control,2
u558_s1,u558,control,4
u558_s2,u558,control,6
u559_s0,u559,treatment,7
u560_s0,u560,treatment,7
u560_s1,u560,treatment,2
u561_s0,u561,control,7
u562_s0,u562,control,4
u563_s0,u563,treatment,6
u563_s1,u563,treatment,4
u563_s2,u563,treatment,6
u564_s0,u564,control,3
u565_s0,u565,treatment,6
u565_s1,u565,treatment,7
u565_s2,u565,treatment,6
u566_s0,u566,treatment,3
u566_s1,u566,treatment,7
u567_s0,u567,treatment,2
u568_s0,u568,treatment,4
u568_s1,u568,treatment,2
u569_s0,u569,control,2
u569_s1,u569,control,7
u569_s2,u569,control,5
u570_s0,u570,control,2
u570_s1,u570,control,4
u570_s2,u570,control,5
u571_s0,u571,control,6
u571_s1,u571,control,5
u571_s2,u571,control,1
u572_s0,u572,treatment,7
u573_s0,u573,control,1
u574_s0,u574,treatment,7
u574_s1,u574,treatment,3
u575_s0,u575,treatment,6
u575_s1,u575,treatment,7
u575_s2,u575,treatment,4
u576_s0,u576,treatment,5
u576_s1,u576,treatment,1
u577_s0,u577,treatment,7
u577_s1,u577,treatment,1
u577_s2,u577,treatment,1
u578_s0,u578,treatment,6
u578_s1,u578,treatment,6
u579_s0,u579,control,2
u579_s1,u579,control,3
u580_s0,u580,treatment,4
u581_s0,u581,treatment,4
u581_s1,u581,treatment,6
u581_s2,u581,treatment,2
u582_s0,u582,control,2
u583_s0,u583,treatment,2
u583_s1,u583,treatment,4
u583_s2,u583,treatment,2
u584_s0,u584,control,7
u584_s1,u584,control,3
u584_s2,u584,control,4
u585_s0,u585,control,4
u585_s1,u585,control,6
u586_s0,u586,treatment,5
u587_s0,u587,control,6
u587_s1,u587,control,7
u588_s0,u588,control,1
u588_s1,u588,control,2
u588_s2,u588,control,2
u589_s0,u589,control,4
u590_s0,u590,control,7
u590_s1,u590,control,1
u591_s0,u591,control,4
u592_s0,u592,treatment,3
u592_s1,u592,treatment,6
u593_s0,u593,control,7
u593_s1,u593,control,7
u594_s0,u594,control,6
u595_s0,u595,treatment,2
u596_s0,u596,treatment,4
u596_s1,u596,treatment,5
u597_s0,u597,treatment,3
u597_s1,u597,treatment,5
u598_s0,u598,control,3
u598_s1,u598,control,4
u599_s0,u599,treatment,6
u600_s0,u600,treatment,1
u600_s1,u600,treatment,2
u601_s0,u601,control,4
u602_s0,u602,control,2
u602_s1,u602,control,3
u602_s2,u602,control,5
u603_s0,u603,treatment,3
u603_s1,u603,treatment,1
u604_s0,u604,treatment,3
u605_s0,u605,control,7
u605_s1,u605,control,6
u605_s2,u605,control,6
u606_s0,u606,control,7
u606_s1,u606,control,5
u606_s2,u606,control,5
u607_s0,u607,control,3
u608_s0,u608,control,1
u608_s1,u608,control,4
u608_s2,u608,control,6
u609_s0,u609,control,6
u609_s1,u609,control,4
u609_s2,u609,control,1
u610_s0,u610,control,2
u610_s1,u610,control,6
u610_s2,u610,control,7
u611_s0,u611,control,4
u612_s0,u612,treatment,7
u612_s1,u612,treatment,5
u613_s0,u613,control,1
u613_s1,u613,control,1
u613_s2,u613,control,3
u614_s0,u614,control,3
u614_s1,u614,control,3
u615_s0,u615,treatment,3
u616_s0,u616,control,2
u616_s1,u616,control,7
u616_s2,u616,control,1
u617_s0,u617,control,3
u618_s0,u618,control,6
u618_s1,u618,control,7
u618_s2,u618,control,5
u619_s0,u619,treatment,7
u620_s0,u620,treatment,4
u620_s1,u620,treatment,3
u621_s0,u621,treatment,1
u622_s0,u622,control,6
u622_s1,u622,control,2
u623_s0,u623,treatment,7
u624_s0,u624,control,2
u624_s1,u624,control,2
u624_s2,u624,control,4
u625_s0,u625,control,7
u626_s0,u626,treatment,6
u626_s1,u626,treatment,2
u626_s2,u626,treatment,7
u627_s0,u627,control,5
u628_s0,u628,control,2
u628_s1,u628,control,3
u629_s0,u629,treatment,1
u629_s1,u629,treatment,2
u629_s2,u629,treatment,7
u630_s0,u630,treatment,5
u630_s1,u630,treatment,3
u630_s2,u630,treatment,7
u631_s0,u631,control,7
u632_s0,u632,control,3
u632_s1,u632,control,3
u632_s2,u632,control,7
u633_s0,u633,control,5
u633_s1,u633,control,7
u634_s0,u634,control,1
u634_s1,u634,control,1
u634_s2,u634,control,6
u635_s0,u635,treatment,7
u635_s1,u635,treatment,4
u636_s0,u636,control,3
u636_s1,u636,control,2
u636_s2,u636,control,6
u637_s0,u637,control,4
u637_s1,u637,control,5
u638_s0,u638,control,1
u639_s0,u639,control,1
u639_s1,u639,control,7
u640_s0,u640,control,1
u640_s1,u640,control,7
u641_s0,u641,treatment,2
u642_s0,u642,treatment,2
u643_s0,u643,treatment,3
u644_s0,u644,treatment,2
u644_s1,u644,treatment,3
u644_s2,u644,treatment,7
u645_s0,u645,control,6
u645_s1,u645,control,7
u646_s0,u646,treatment,3
u646_s1,u646,treatment,2
u647_s0,u647,treatment,2
u647_s1,u647,treatment,4
u648_s0,u648,control,1
u648_s1,u648,control,5
u648_s2,u648,control,1
u649_s0,u649,treatment,5
u650_s0,u650,treatment,6
u651_s0,u651,treatment,4
u652_s0,u652,treatment,5
u652_s1,u652,treatment,1
u652_s2,u652,treatment,6
u653_s0,u653,control,3
u653_s1,u653,control,3
u654_s0,u654,treatment,1
u654_s1,u654,treatment,5
u655_s0,u655,control,3
u656_s0,u656,control,2
u656_s1,u656,control,6
u656_s2,u656,control,1
u657_s0,u657,treatment,2
u657_s1,u657,treatment,5
u658_s0,u658,treatment,5
u658_s1,u658,treatment,1
u659_s0,u659,control,5
u660_s0,u660,control,7
u660_s1,u660,control,3
u661_s0,u661,treatment,4
u661_s1,u661,treatment,3
u662_s0,u662,treatment,6
u662_s1,u662,treatment,3
u663_s0,u663,control,1
u663_s1,u663,control,4
u663_s2,u663,control,4
u664_s0,u664,treatment,4
u664_s1,u664,treatment,1
u664_s2,u664,treatment,5
u665_s0,u665,control,5
u665_s1,u665,control,6
u666_s0,u666,treatment,4
u667_s0,u667,control,2
u668_s0,u668,treatment,5
u669_s0,u669,treatment,5
u669_s1,u669,treatment,6
u670_s0,u670,control,1
u670_s1,u670,control,1
u670_s2,u670,control,7
u671_s0,u671,control,6
u672_s0,u672,treatment,4
u673_s0,u673,treatment,7
u674_s0,u674,control,6
u674_s1,u674,control,2
u675_s0,u675,treatment,6
u675_s1,u675,treatment,7
u676_s0,u676,treatment,7
u676_s1,u676,treatment,7
u676_s2,u676,treatment,3
u677_s0,u677,control,5
u677_s1,u677,control,1
u677_s2,u677,control,7
u678_s0,u678,control,6
u678_s1,u678,control,3
u678_s2,u678,control,3
u679_s0,u679,treatment,6
u679_s1,u679,treatment,7
u680_s0,u680,control,6
u680_s1,u680,control,6
u680_s2,u680,control,3
u681_s0,u681,control,5
u681_s1,u681,control,3
u682_s0,u682,control,4
u682_s1,u682,control,7
u683_s0,u683,treatment,4
u684_s0,u684,treatment,3
u684_s1,u684,treatment,6
u685_s0,u685,treatment,2
u685_s1,u685,treatment,3
u686_s0,u686,treatment,7
u686_s1,u686,treatment,2
u687_s0,u687,treatment,4
u687_s1,u687,treatment,1
u688_s0,u688,control,6
u689_s0,u689,treatment,1
u689_s1,u689,treatment,7
u690_s0,u690,treatment,3
u691_s0,u691,control,2
u691_s1,u691,control,1
u692_s0,u692,treatment,1
u692_s1,u692,treatment,5
u692_s2,u692,treatment,4
u693_s0,u693,control,4
u694_s0,u694,control,2
u695_s0,u695,control,6
u695_s1,u695,control,5
u695_s2,u695,control,1
u696_s0,u696,treatment,1
u696_s1,u696,treatment,6
u697_s0,u697,treatment,7
u698_s0,u698,treatment,2
u698_s1,u698,treatment,7
u698_s2,u698,treatment,7
u699_s0,u699,treatment,4
u699_s1,u699,treatment,6
u700_s0,u700,treatment,2
u700_s1,u700,treatment,5
u701_s0,u701,treatment,1
u701_s1,u701,treatment,4
u702_s0,u702,treatment,5
u702_s1,u702,treatment,7
u703_s0,u703,control,2
u703_s1,u703,control,1
u703_s2,u703,control,2
u704_s0,u704,treatment,5
u704_s1,u704,treatment,2
u705_s0,u705,treatment,1
u705_s1,u705,treatment,5
u705_s2,u705,treatment,1
u706_s0,u706,treatment,4
u706_s1,u706,treatment,6
u706_s2,u706,treatment,4
u707_s0,u707,control,4
u707_s1,u707,control,2
u707_s2,u707,control,5
u708_s0,u708,control,1
u709_s0,u709,treatment,1
u710_s0,u710,treatment,1
u710_s1,u710,treatment,5
u710_s2,u710,treatment,4
u711_s0,u711,treatment,1
u712_s0,u712,control,7
u712_s1,u712,control,4
u713_s0,u713,treatment,4
u714_s0,u714,control,7
u714_s1,u714,control,2
u714_s2,u714,control,7
u715_s0,u715,treatment,7
u715_s1,u715,treatment,3
u715_s2,u715,treatment,5
u716_s0,u716,treatment,5
u717_s0,u717,treatment,1
u717_s1,u717,treatment,3
u718_s0,u718,treatment,7
u718_s1,u718,treatment,6
u719_s0,u719,treatment,6
u720_s0,u720,control,7
u721_s0,u721,treatment,6
u721_s1,u721,treatment,6
u722_s0,u722,control,3
u722_s1,u722,control,7
u723_s0,u723,control,2
u724_s0,u724,control,5
u725_s0,u725,control,6
u725_s1,u725,control,6
u725_s2,u725,control,1
u726_s0,u726,control,7
u727_s0,u727,treatment,1
u727_s1,u727,treatment,3
u727_s2,u727,treatment,7
u728_s0,u728,control,2
u729_s0,u729,treatment,4
u730_s0,u730,treatment,6
u731_s0,u731,control,2
u731_s1,u731,control,3
u732_s0,u732,control,3
u732_s1,u732,control,7
u733_s0,u733,control,4
u733_s1,u733,control,6
u734_s0,u734,control,3
u734_s1,u734,control,5
u735_s0,u735,treatment,3
u735_s1,u735,treatment,3
u736_s0,u736,control,7
u737_s0,u737,control,2
u737_s1,u737,control,6
u738_s0,u738,treatment,4
u739_s0,u739,treatment,7
u740_s0,u740,control,5
u740_s1,u740,control,1
u741_s0,u741,control,2
u741_s1,u741,control,2
u742_s0,u742,treatment,1
u743_s0,u743,treatment,1
u744_s0,u744,control,7
u744_s1,u744,control,6
u744_s2,u744,control,7
u745_s0,u745,treatment,6
u745_s1,u745,treatment,3
u746_s0,u746,treatment,6
u746_s1,u746,treatment,5
u747_s0,u747,treatment,5
u748_s0,u748,control,5
u748_s1,u748,control,7
u748_s2,u748,control,4
u749_s0,u749,treatment,3
u749_s1,u749,treatment,3
u749_s2,u749,treatment,2
u750_s0,u750,control,5
u750_s1,u750,control,6
u750_s2,u750,control,6
u751_s0,u751,control,1
u752_s0,u752,treatment,2
u752_s1,u752,treatment,2
u753_s0,u753,control,4
u753_s1,u753,control,5
u753_s2,u753,control,6
u754_s0,u754,control,5
u754_s1,u754,control,2
u755_s0,u755,control,1
u755_s1,u755,control,7
u756_s0,u756,control,5
u756_s1,u756,control,7
u756_s2,u756,control,2
u757_s0,u757,treatment,5
u758_s0,u758,treatment,6
u758_s1,u758,treatment,5
u759_s0,u759,treatment,7
u759_s1,u759,treatment,7
u759_s2,u759,treatment,6
u760_s0,u760,control,5
u761_s0,u761,treatment,2
u761_s1,u761,treatment,2
u761_s2,u761,treatment,1
u762_s0,u762,control,5
u762_s1,u762,control,4
u762_s2,u762,control,3
u763_s0,u763,control,7
u763_s1,u763,control,4
u764_s0,u764,control,1
u764_s1,u764,control,1
u765_s0,u765,treatment,1
u766_s0,u766,treatment,2
u767_s0,u767,control,2
u767_s1,u767,control,2
u768_s0,u768,treatment,7
u768_s1,u768,treatment,1
u769_s0,u769,treatment,6
u769_s1,u769,treatment,6
u769_s2,u769,treatment,4
u770_s0,u770,treatment,1
u770_s1,u770,treatment,7
u770_s2,u770,treatment,3
u771_s0,u771,treatment,3
u771_s1,u771,treatment,5
u771_s2,u771,treatment,1
u772_s0,u772,treatment,7
u772_s1,u772,treatment,2
u772_s2,u772,treatment,4
u773_s0,u773,treatment,6
u773_s1,u773,treatment,6
u774_s0,u774,treatment,3
u774_s1,u774,treatment,3
u775_s0,u775,control,5
u776_s0,u776,control,2
u777_s0,u777,control,6
u778_s0,u778,control,4
u778_s1,u778,control,7
u779_s0,u779,control,1
u779_s1,u779,control,7
u779_s2,u779,control,3
u780_s0,u780,treatment,2
u781_s0,u781,control,6
u781_s1,u781,control,3
u782_s0,u782,treatment,7
u782_s1,u782,treatment,2
u782_s2,u782,treatment,6
u783_s0,u783,treatment,6
u784_s0,u784,treatment,1
u785_s0,u785,treatment,6
u786_s0,u786,control,5
u786_s1,u786,control,2
u786_s2,u786,control,5
u787_s0,u787,treatment,5
u788_s0,u788,treatment,4
u788_s1,u788,treatment,6
u788_s2,u788,treatment,4
u789_s0,u789,treatment,3
u790_s0,u790,control,4
u790_s1,u790,control,4
u790_s2,u790,control,6
u791_s0,u791,treatment,4
u791_s1,u791,treatment,1
u791_s2,u791,treatment,2
u792_s0,u792,treatment,7
u792_s1,u792,treatment,2
u793_s0,u793,control,7
u793_s1,u793,control,6
u794_s0,u794,treatment,3
u795_s0,u795,control,7
u796_s0,u796,treatment,2
u796_s1,u796,treatment,5
u796_s2,u796,treatment,6
u797_s0,u797,treatment,7
u797_s1,u797,treatment,7
u797_s2,u797,treatment,6
u798_s0,u798,control,5
u799_s0,u799,control,5
u799_s1,u799,control,1
u800_s0,u800,treatment,3
u800_s1,u800,treatment,4
u800_s2,u800,treatment,7
u801_s0,u801,treatment,3
u801_s1,u801,treatment,4
u802_s0,u802,control,2
u802_s1,u802,control,5
u802_s2,u802,control,6
u803_s0,u803,treatment,3
u803_s1,u803,treatment,7
u803_s2,u803,treatment,3
u804_s0,u804,treatment,7
u804_s1,u804,treatment,5
u804_s2,u804,treatment,5
u805_s0,u805,control,1
u806_s0,u806,treatment,5
u807_s0,u807,treatment,5
u808_s0,u808,control,2
u809_s0,u809,treatment,7
u809_s1,u809,treatment,5
u810_s0,u810,control,3
u810_s1,u810,control,2
u811_s0,u811,control,3
u811_s1,u811,control,5
u812_s0,u812,treatment,2
u812_s1,u812,treatment,2
u812_s2,u812,treatment,2
u813_s0,u813,control,2
u814_s0,u814,treatment,7
u814_s1,u814,treatment,4
u815_s0,u815,control,2
u815_s1,u815,control,1
u816_s0,u816,treatment,3
u817_s0,u817,treatment,5
u817_s1,u817,treatment,3
u817_s2,u817,treatment,3
u818_s0,u818,control,6
u818_s1,u818,control,4
u818_s2,u818,control,1
u819_s0,u819,control,2
u819_s1,u819,control,4
u819_s2,u819,control,5
u820_s0,u820,treatment,6
u820_s1,u820,treatment,4
u821_s0,u821,treatment,7
u821_s1,u821,treatment,3
u821_s2,u821,treatment,5
u822_s0,u822,treatment,3
u823_s0,u823,control,4
u823_s1,u823,control,4
u823_s2,u823,control,1
u824_s0,u824,control,6
u825_s0,u825,treatment,3
u826_s0,u826,treatment,7
u826_s1,u826,treatment,6
u827_s0,u827,treatment,5
u828_s0,u828,treatment,2
u828_s1,u828,treatment,2
u828_s2,u828,treatment,6
u829_s0,u829,treatment,3
u830_s0,u830,treatment,2
u830_s1,u830,treatment,5
u830_s2,u830,treatment,7
u831_s0,u831,control,4
u832_s0,u832,treatment,7
u833_s0,u833,control,4
u833_s1,u833,control,6
u833_s2,u833,control,1
u834_s0,u834,treatment,7
u834_s1,u834,treatment,2
u834_s2,u834,treatment,2
u835_s0,u835,control,7
u835_s1,u835,control,5
u835_s2,u835,control,5
u836_s0,u836,control,1
u836_s1,u836,control,7
u836_s2,u836,control,6
u837_s0,u837,control,2
u838_s0,u838,control,7
u839_s0,u839,control,4
u840_s0,u840,control,7
u840_s1,u840,control,3
u841_s0,u841,treatment,2
u842_s0,u842,control,6
u842_s1,u842,control,3
u843_s0,u843,control,6
u844_s0,u844,treatment,3
u844_s1,u844,treatment,6
u845_s0,u845,treatment,7
u845_s1,u845,treatment,2
u846_s0,u846,control,6
u847_s0,u847,treatment,7
u848_s0,u848,control,2
u848_s1,u848,control,3
u848_s2,u848,control,2
u849_s0,u849,control,2
u850_s0,u850,control,7
u850_s1,u850,control,7
u851_s0,u851,treatment,3
u851_s1,u851,treatment,6
u851_s2,u851,treatment,5
u852_s0,u852,treatment,7
u852_s1,u852,treatment,7
u853_s0,u853,control,2
u853_s1,u853,control,2
u854_s0,u854,treatment,7
u855_s0,u855,control,6
u856_s0,u856,treatment,5
u856_s1,u856,treatment,2
u856_s2,u856,treatment,4
u857_s0,u857,treatment,5
u858_s0,u858,control,3
u858_s1,u858,control,4
u859_s0,u859,control,4
u860_s0,u860,control,7
u860_s1,u860,control,5
u860_s2,u860,control,6
u861_s0,u861,treatment,1
u861_s1,u861,treatment,2
u862_s0,u862,treatment,2
u863_s0,u863,treatment,4
u863_s1,u863,treatment,3
u863_s2,u863,treatment,4
u864_s0,u864,treatment,4
u864_s1,u864,treatment,4
u864_s2,u864,treatment,3
u865_s0,u865,control,5
u866_s0,u866,treatment,3
u866_s1,u866,treatment,2
u867_s0,u867,treatment,7
u867_s1,u867,treatment,3
u867_s2,u867,treatment,2
u868_s0,u868,treatment,7
u868_s1,u868,treatment,6
u868_s2,u868,treatment,5
u869_s0,u869,treatment,3
u869_s1,u869,treatment,3
u869_s2,u869,treatment,4
u870_s0,u870,treatment,4
u870_s1,u870,treatment,6
u870_s2,u870,treatment,3
u871_s0,u871,treatment,7
u871_s1,u871,treatment,2
u872_s0,u872,control,3
u873_s0,u873,treatment,6
u873_s1,u873,treatment,5
u873_s2,u873,treatment,7
u874_s0,u874,treatment,4
u874_s1,u874,treatment,7
u874_s2,u874,treatment,4
u875_s0,u875,treatment,6
u875_s1,u875,treatment,5
u876_s0,u876,control,2
u876_s1,u876,control,2
u876_s2,u876,control,5
u877_s0,u877,treatment,2
u877_s1,u877,treatment,2
u878_s0,u878,control,1
u879_s0,u879,treatment,6
u880_s0,u880,treatment,6
u880_s1,u880,treatment,5
u880_s2,u880,treatment,1
u881_s0,u881,treatment,5
u881_s1,u881,treatment,3
u882_s0,u882,treatment,1
u883_s0,u883,control,6
u883_s1,u883,control,4
u884_s0,u884,control,7
u884_s1,u884,control,7
u885_s0,u885,treatment,4
u885_s1,u885,treatment,6
u885_s2,u885,treatment,2
u886_s0,u886,treatment,5
u887_s0,u887,control,7
u887_s1,u887,control,4
u887_s2,u887,control,5
u888_s0,u888,treatment,1
u889_s0,u889,control,7
u890_s0,u890,treatment,5
u890_s1,u890,treatment,7
u891_s0,u891,treatment,7
u892_s0,u892,treatment,2
u893_s0,u893,control,7
u893_s1,u893,control,6
u894_s0,u894,control,4
u894_s1,u894,control,5
u895_s0,u895,treatment,2
u895_s1,u895,treatment,4
u895_s2,u895,treatment,5
u896_s0,u896,treatment,1
u897_s0,u897,control,3
u897_s1,u897,control,2
u897_s2,u897,control,4
u898_s0,u898,treatment,2
u899_s0,u899,control,2
u900_s0,u900,control,5
u900_s1,u900,control,7
u900_s2,u900,control,1
u901_s0,u901,treatment,4
u901_s1,u901,treatment,6
u902_s0,u902,treatment,7
u902_s1,u902,treatment,2
u902_s2,u902,treatment,3
u903_s0,u903,treatment,1
u903_s1,u903,treatment,4
u903_s2,u903,treatment,4
u904_s0,u904,treatment,1
u905_s0,u905,control,1
u905_s1,u905,control,4
u905_s2,u905,control,2
u906_s0,u906,treatment,7
u906_s1,u906,treatment,4
u906_s2,u906,treatment,5
u907_s0,u907,treatment,5
u908_s0,u908,control,5
u909_s0,u909,control,5
u909_s1,u909,control,7
u909_s2,u909,control,1
u910_s0,u910,treatment,1
u910_s1,u910,treatment,1
u911_s0,u911,control,6
u912_s0,u912,treatment,4
u912_s1,u912,treatment,1
u912_s2,u912,treatment,1
u913_s0,u913,control,3
u913_s1,u913,control,1
u914_s0,u914,treatment,3
u915_s0,u915,treatment,3
u916_s0,u916,treatment,2
u917_s0,u917,control,1
u917_s1,u917,control,4
u918_s0,u918,control,5
u918_s1,u918,control,7
u919_s0,u919,treatment,4
u919_s1,u919,treatment,6
u919_s2,u919,treatment,6
u920_s0,u920,control,3
u920_s1,u920,control,1
u921_s0,u921,control,7
u922_s0,u922,treatment,5
u922_s1,u922,treatment,3
u923_s0,u923,control,5
u923_s1,u923,control,5
u923_s2,u923,control,3
u924_s0,u924,control,7
u924_s1,u924,control,3
u925_s0,u925,treatment,2
u925_s1,u925,treatment,4
u926_s0,u926,treatment,5
u926_s1,u926,treatment,6
u927_s0,u927,treatment,6
u927_s1,u927,treatment,2
u927_s2,u927,treatment,7
u928_s0,u928,treatment,1
u928_s1,u928,treatment,7
u929_s0,u929,control,5
u930_s0,u930,treatment,5
u930_s1,u930,treatment,2
u931_s0,u931,treatment,1
u931_s1,u931,treatment,3
u932_s0,u932,treatment,1
u932_s1,u932,treatment,7
u933_s0,u933,treatment,7
u934_s0,u934,control,6
u934_s1,u934,control,7
u935_s0,u935,treatment,3
u935_s1,u935,treatment,3
u936_s0,u936,treatment,5
u937_s0,u937,treatment,6
u937_s1,u937,treatment,6
u937_s2,u937,treatment,7
u938_s0,u938,treatment,6
u938_s1,u938,treatment,1
u939_s0,u939,control,7
u940_s0,u940,control,1
u940_s1,u940,control,7
u941_s0,u941,treatment,5
u941_s1,u941,treatment,2
u941_s2,u941,treatment,5
u942_s0,u942,treatment,7
u942_s1,u942,treatment,5
u942_s2,u942,treatment,7
u943_s0,u943,control,3
u943_s1,u943,control,1
u944_s0,u944,treatment,6
u945_s0,u945,control,5
u945_s1,u945,control,2
u945_s2,u945,control,5
u946_s0,u946,control,1
u946_s1,u946,control,4
u946_s2,u946,control,1
u947_s0,u947,control,2
u947_s1,u947,control,6
u948_s0,u948,control,2
u948_s1,u948,control,5
u949_s0,u949,treatment,3
u949_s1,u949,treatment,7
u950_s0,u950,control,7
u951_s0,u951,control,6
u951_s1,u951,control,2
u951_s2,u951,control,5
u952_s0,u952,control,3
u952_s1,u952,control,4
u952_s2,u952,control,5
u953_s0,u953,control,6
u954_s0,u954,control,7
u955_s0,u955,control,2
u955_s1,u955,control,5
u955_s2,u955,control,3
u956_s0,u956,treatment,1
u956_s1,u956,treatment,3
u957_s0,u957,treatment,1
u957_s1,u957,treatment,1
u957_s2,u957,treatment,7
u958_s0,u958,treatment,1
u959_s0,u959,treatment,1
u959_s1,u959,treatment,7
u959_s2,u959,treatment,2
u960_s0,u960,treatment,5
u961_s0,u961,treatment,1
u961_s1,u961,treatment,6
u961_s2,u961,treatment,5
u962_s0,u962,control,3
u962_s1,u962,control,2
u963_s0,u963,treatment,1
u963_s1,u963,treatment,5
u964_s0,u964,control,4
u964_s1,u964,control,1
u965_s0,u965,treatment,4
u966_s0,u966,treatment,5
u967_s0,u967,treatment,4
u967_s1,u967,treatment,6
u967_s2,u967,treatment,3
u968_s0,u968,control,2
u968_s1,u968,control,4
u968_s2,u968,control,2
u969_s0,u969,treatment,7
u970_s0,u970,treatment,1
u970_s1,u970,treatment,3
u970_s2,u970,treatment,5
u971_s0,u971,control,3
u972_s0,u972,control,6
u972_s1,u972,control,5
u973_s0,u973,control,2
u973_s1,u973,control,7
u973_s2,u973,control,1
u974_s0,u974,treatment,3
u974_s1,u974,treatment,3
u975_s0,u975,control,7
u976_s0,u976,control,6
u976_s1,u976,control,7
u976_s2,u976,control,7
u977_s0,u977,treatment,4
u978_s0,u978,control,7
u979_s0,u979,treatment,7
u979_s1,u979,treatment,2
u980_s0,u980,treatment,2
u980_s1,u980,treatment,3
u981_s0,u981,treatment,6
u982_s0,u982,control,3
u983_s0,u983,control,7
u983_s1,u983,control,2
u983_s2,u983,control,2
u984_s0,u984,control,1
u985_s0,u985,control,4
u985_s1,u985,control,5
u985_s2,u985,control,2
u986_s0,u986,treatment,6
u986_s1,u986,treatment,1
u987_s0,u987,treatment,3
u987_s1,u987,treatment,2
u987_s2,u987,treatment,6
u988_s0,u988,treatment,6
u989_s0,u989,treatment,2
u989_s1,u989,treatment,1
u990_s0,u990,control,7
u990_s1,u990,control,1
u990_s2,u990,control,7
u991_s0,u991,treatment,2
u992_s0,u992,treatment,6
u993_s0,u993,control,3
u994_s0,u994,treatment,6
u995_s0,u995,control,3
u995_s1,u995,control,5
u996_s0,u996,control,1
u996_s1,u996,control,5
u996_s2,u996,control,4
u997_s0,u997,treatment,3
u997_s1,u997,treatment,1
u998_s0,u998,treatment,3
u999_s0,u999,control,3
